r,u-g,g-r,r-i,i-z
0.33148375153541565,-1.0566585063934326,0.5470929741859436,-0.052073195576667786,-0.9754045009613037
-1.5421597957611084,1.092025637626648,-1.8528891801834106,-0.6844336986541748,-0.14404632151126862
-0.8500260710716248,-0.36906686425209045,1.755162239074707,0.25592124462127686,-0.6605410575866699
-1.2488142251968384,0.8442912101745605,-1.0600862503051758,-1.137870192527771,0.8123355507850647
0.7598372101783752,1.2813595533370972,1.4812958240509033,-0.4098650813102722,-0.1292136311531067
0.3397504985332489,1.077764630317688,-0.00039167774957604706,-0.04644440487027168,-0.8465933203697205
1.7472074031829834,0.5695397257804871,-1.6834319829940796,1.255742073059082,-0.5405548810958862
0.16541312634944916,-0.3317922055721283,-0.09189167618751526,0.12343763560056686,-2.602484941482544
0.5978853702545166,-2.344357967376709,1.1703805923461914,0.23691986501216888,-2.030092477798462
-0.9306484460830688,1.5500680208206177,-1.5686742067337036,-0.5336201190948486,1.3763508796691895
1.028835654258728,-0.7293745875358582,1.5852563381195068,0.6393392086029053,2.1324448585510254
1.0387883186340332,0.4525769352912903,1.3276571035385132,0.8849469423294067,1.143393635749817
0.4299907088279724,1.14420485496521,0.464426189661026,0.8951302766799927,-0.8905689716339111
-1.5346318483352661,0.1922845095396042,-0.061279039829969406,-1.4496917724609375,-0.3907727003097534
-0.7489762306213379,-0.9439960718154907,-0.09630563855171204,-0.035198014229536057,2.05568790435791
0.8009766936302185,1.3587703704833984,0.10304080694913864,1.919749140739441,-0.714573085308075
-0.10977507382631302,0.04232434928417206,0.6456732749938965,-0.4219507575035095,-0.9114653468132019
-0.010810349136590958,0.2033507376909256,-0.2422885298728943,-1.379012942314148,0.2554474174976349
-0.9090571999549866,1.22693932056427,-0.38500845432281494,-0.4929988384246826,-1.1932677030563354
-1.3192497491836548,-0.2948475480079651,-1.7960197925567627,-0.8593066334724426,-0.44144636392593384
0.624224066734314,0.7499526739120483,0.8331981301307678,0.29130539298057556,-1.9183343648910522
-1.0755691528320312,-0.3278779089450836,-1.4988796710968018,-1.31812584400177,-0.22796761989593506
0.7896706461906433,-0.5237399935722351,1.4035499095916748,1.6155930757522583,-1.4892498254776
-1.0304889678955078,1.4485245943069458,-0.17161230742931366,-0.618533194065094,-0.3216840922832489
-1.1629667282104492,1.296082615852356,-1.2846070528030396,-1.5442174673080444,-0.8720421195030212
0.44308921694755554,-2.06475830078125,1.2664107084274292,1.8857078552246094,1.7547242641448975
1.7561707496643066,-0.702789843082428,1.5014384984970093,1.7531347274780273,2.02714204788208
-1.5987838506698608,1.4177088737487793,-0.8581790924072266,-0.8916918039321899,-1.1717743873596191
-1.055648684501648,1.3491331338882446,-1.0613058805465698,-0.9362968802452087,-0.8556981682777405
-0.32732537388801575,-0.9800529479980469,-0.7614837288856506,-0.15322357416152954,1.2312517166137695
-1.6294203996658325,-0.17234009504318237,-1.7371968030929565,-1.5245782136917114,-0.7309356927871704
-0.03273174539208412,-0.7806264162063599,0.018188154324889183,-0.2539486885070801,0.10391144454479218
-0.9700329899787903,1.2067309617996216,-0.5906854867935181,-1.2326196432113647,0.20257213711738586
0.8400170207023621,0.812406063079834,1.1735221147537231,0.9965603947639465,1.8155102729797363
-0.8515270352363586,0.2990853488445282,-1.2969725131988525,-0.5397301316261292,-0.9244509339332581
1.112984299659729,0.48607927560806274,1.814924955368042,1.1359373331069946,1.6565860509872437
0.9425795078277588,1.459564447402954,0.7125110626220703,0.5326831340789795,-1.9430367946624756
-0.01929605007171631,0.06014649569988251,-0.47370484471321106,-0.24500754475593567,-0.6182258725166321
0.4759373664855957,-0.39163830876350403,0.5174254775047302,0.49605685472488403,1.3056763410568237
0.8895977735519409,-0.6559539437294006,1.2847477197647095,0.7072539925575256,-0.6966618895530701
0.4428597390651703,0.29284101724624634,1.1214627027511597,1.1094048023223877,1.893722414970398
0.053713999688625336,-1.7776005268096924,-0.04686501622200012,0.7433767318725586,2.1813459396362305
0.37646451592445374,0.5575593113899231,0.39776796102523804,0.47744715213775635,-0.9451234340667725
-0.7881593704223633,0.8956816792488098,-1.5663986206054688,-0.5577802658081055,-0.04415423423051834
-1.4858015775680542,0.6569705605506897,-1.469460368156433,-1.2019914388656616,-0.2992018461227417
-0.247644305229187,0.6181941628456116,0.8600831627845764,0.025510111823678017,-0.6382266879081726
1.4966005086898804,-0.45827990770339966,0.9556222558021545,2.163309097290039,0.6926665306091309
-0.9881048798561096,0.10487347841262817,-0.3881077468395233,-0.7937642335891724,-0.4254942536354065
0.7098350524902344,-0.7670254707336426,1.4399545192718506,0.5900565385818481,1.0864137411117554
0.8510936498641968,1.0061229467391968,0.8283142447471619,0.8511630296707153,2.1699461936950684
0.3207490146160126,0.44355034828186035,0.06037424877285957,0.4751642942428589,1.4391518831253052
0.9703348278999329,0.8608657717704773,0.6007574796676636,2.1333634853363037,1.663806438446045
0.10909584164619446,0.07278041541576385,0.6081176400184631,0.06159927695989609,-0.42702415585517883
-0.805249035358429,0.610863983631134,-0.812418520450592,-1.1575989723205566,-1.1856927871704102
1.0032825469970703,0.41784027218818665,1.4813486337661743,0.05613834038376808,1.9379966259002686
1.1492265462875366,0.9849541187286377,0.7283822894096375,1.2588082551956177,-2.3242461681365967
-0.7106863856315613,-1.3475059270858765,0.14747612178325653,-0.17591777443885803,0.3863668739795685
-1.7414333820343018,0.8795625567436218,-0.9855821132659912,-1.0782363414764404,-0.686773419380188
1.9419101476669312,-1.9220259189605713,-1.310990571975708,1.4820687770843506,-0.0639684647321701
0.2465962916612625,0.8509250283241272,0.4994686543941498,-0.31644728779792786,0.9992274045944214
0.947494387626648,-0.05611000210046768,-0.7761881351470947,-1.8236538171768188,1.3759217262268066
0.21764445304870605,-0.5584436655044556,0.5979275107383728,-0.18445608019828796,-1.5107059478759766
0.34353092312812805,0.12355703115463257,0.5197221636772156,0.030031049624085426,-0.5289126038551331
-0.023760175332427025,-1.5482394695281982,-1.1213854551315308,0.3691236972808838,-0.0116715794429183
1.5870397090911865,-0.23643051087856293,-0.7776083946228027,1.5614873170852661,1.7754154205322266
1.893205165863037,0.05612991377711296,-0.293144166469574,1.723189115524292,1.1897574663162231
0.9481125473976135,-1.481911301612854,-1.0858361721038818,2.1869544982910156,1.6131700277328491
-0.6925289630889893,-1.9340790510177612,0.6431072950363159,0.06740711629390717,1.1400539875030518
-1.3896982669830322,-0.0369148887693882,-1.7786859273910522,-1.0867522954940796,-0.9423248171806335
0.7458044290542603,-1.9417986869812012,-1.384750247001648,-0.5726187825202942,1.234143614768982
-0.0857720598578453,-0.3789350688457489,0.26918748021125793,0.8220007419586182,1.534958004951477
-0.47160571813583374,-1.1621094942092896,-0.3936885595321655,-0.45234397053718567,-0.8205101490020752
-1.2149662971496582,1.0124365091323853,-1.5995138883590698,-1.474321961402893,-1.0653334856033325
-0.1788138896226883,0.32487136125564575,-0.04043414816260338,-0.5558443665504456,-0.5349575877189636
-0.9041891694068909,1.1597894430160522,-0.6544820070266724,-0.8825491666793823,0.013385401107370853
-0.24820393323898315,-0.18104654550552368,-0.18388798832893372,-0.6349383592605591,-0.6956357359886169
0.13771283626556396,-1.6543669700622559,1.4866443872451782,0.11289624124765396,1.74362313747406
1.7713333368301392,-2.297403335571289,-1.5364406108856201,1.7444285154342651,-0.7625041007995605
2.0549299716949463,1.2565306425094604,-0.6961771249771118,2.148369789123535,1.354708194732666
0.017384003847837448,-0.20894479751586914,-0.1001124233007431,0.07366257160902023,1.2595924139022827
-0.02275448851287365,-0.6473497748374939,0.24830035865306854,-0.14554692804813385,0.9910181164741516
-0.4283600151538849,-0.17278234660625458,1.1387964487075806,-0.37413400411605835,-0.5837842226028442
-0.5528181195259094,0.4604450762271881,0.33134201169013977,-0.2508377730846405,-0.6146810054779053
-0.19961252808570862,-1.2479132413864136,1.179176926612854,0.37405869364738464,0.6525156497955322
-1.1239826679229736,0.2869861125946045,-0.8181788325309753,-0.7853490710258484,-0.8585527539253235
0.5943461656570435,0.1297122687101364,1.113236665725708,0.18018434941768646,-0.7754523754119873
0.3479306399822235,1.237672209739685,0.671343982219696,1.2564806938171387,-0.15059509873390198
0.5477415323257446,-1.68574059009552,0.009851253591477871,0.7023749351501465,0.0041312966495752335
1.1651172637939453,1.1725058555603027,1.8793656826019287,0.4142659306526184,-0.8634596467018127
-0.8690158724784851,0.4301936626434326,-0.8571547865867615,-0.19292724132537842,0.6166186928749084
-0.5352566838264465,-0.06489235907793045,1.003056526184082,0.024760352447628975,0.0784066841006279
0.5912108421325684,0.524598240852356,1.1766425371170044,0.9342967867851257,0.7739757895469666
0.6648167967796326,-0.8063299059867859,0.5050705671310425,0.7409819960594177,-0.3303038477897644
-0.04915640130639076,-1.3767277002334595,0.15943500399589539,-0.3251534700393677,-2.1809754371643066
0.8825193047523499,0.09605482220649719,1.0451792478561401,0.16588297486305237,-2.3974766731262207
0.5170932412147522,-0.07544703036546707,0.3834753632545471,0.12188216298818588,-0.9525304436683655
-0.8638622164726257,0.933718740940094,-1.120076060295105,-0.6629927754402161,0.09900452941656113
-0.15168961882591248,0.9256460070610046,0.8591697812080383,-0.4489532709121704,0.8800994753837585
0.259285032749176,-0.7736097574234009,0.4667704701423645,0.1258435845375061,0.11519920825958252
1.583779215812683,-1.542932391166687,0.1611509621143341,2.1484482288360596,0.5660383105278015
0.9044149518013,0.5948075652122498,1.3932489156723022,1.035704493522644,-2.377718448638916
1.0024617910385132,-0.5003929734230042,0.44463199377059937,1.436523675918579,-1.3449716567993164
0.8549817204475403,1.450940489768982,0.13225428760051727,1.7301719188690186,-1.5349793434143066
0.705321729183197,-0.2688041031360626,1.2898057699203491,-0.0589105524122715,-0.8826395273208618
-1.3435759544372559,1.3175549507141113,-1.5751209259033203,-1.382493257522583,-0.6927438378334045
-0.07293814420700073,-0.40990930795669556,0.09395944327116013,0.062136415392160416,-0.11863484978675842
0.7936968803405762,-0.4267776310443878,0.9133992195129395,1.268711805343628,1.3434576988220215
0.5138080716133118,1.412863850593567,0.9533255100250244,0.22505800426006317,1.3306586742401123
-0.9663368463516235,0.47359058260917664,0.28293097019195557,-0.35095861554145813,-0.10066770762205124
0.4272417426109314,0.44134899973869324,0.5168129801750183,0.06891782581806183,2.287357807159424
0.5679243206977844,0.6778521537780762,0.5246430039405823,0.41181522607803345,-1.8999754190444946
1.4027204513549805,0.2003803849220276,0.21298335492610931,2.0916566848754883,1.2929332256317139
-1.0737135410308838,0.5032347440719604,-1.9193150997161865,-1.2861659526824951,-1.277431607246399
-0.7540315985679626,0.7057933211326599,-0.8914052248001099,-0.7989230155944824,-0.12173198908567429
0.5767577290534973,-1.4696404933929443,1.1803278923034668,0.48323261737823486,0.8667033910751343
0.6263970136642456,-0.31095677614212036,1.2496840953826904,1.1780245304107666,-0.7063078284263611
1.596217393875122,-0.866618275642395,0.9811715483665466,0.31715530157089233,0.006332878023386002
-1.6927611827850342,0.5488396286964417,-1.7525559663772583,-1.6993056535720825,-0.4595627784729004
0.35257741808891296,-1.0293312072753906,0.893034815788269,0.48636594414711,0.08736226707696915
-1.3388800621032715,0.6153294444084167,-1.7939025163650513,-1.3822581768035889,-1.1892937421798706
0.8119186758995056,0.13073208928108215,1.002333164215088,0.8885950446128845,-0.3140718340873718
-0.7720566987991333,0.4396492838859558,-0.7629039883613586,-0.3410326838493347,0.7184884548187256
-0.09322983026504517,0.9990666508674622,0.4528316259384155,-0.0753045454621315,-0.06622602045536041
-2.2815983295440674,1.2855279445648193,-0.7277981638908386,-0.9151692986488342,-0.46210020780563354
-0.26334893703460693,0.5144065618515015,0.029075229540467262,-0.3172306418418884,0.4011622369289398
0.43186625838279724,1.3277862071990967,1.02737557888031,-0.22442832589149475,1.081152319908142
-1.4577887058258057,0.5336710214614868,-1.2137882709503174,-0.988142192363739,-0.3748578727245331
-0.37343594431877136,-0.9939970970153809,0.9119472503662109,-0.1292312741279602,0.13398727774620056
-0.7986014485359192,1.0011624097824097,-0.0906667485833168,-0.777515709400177,0.12273682653903961
-0.43598872423171997,-0.34108611941337585,-0.468593955039978,-0.863044261932373,-1.612202525138855
0.7053170800209045,-1.2429823875427246,1.3926522731781006,0.24426080286502838,-0.86907559633255
0.9842868447303772,-2.1749980449676514,1.6951037645339966,0.7346593737602234,2.0530200004577637
-1.3872700929641724,-0.9437188506126404,-1.8091191053390503,-0.722537100315094,0.7497397065162659
0.13114017248153687,-1.1512346267700195,1.5709426403045654,0.8449746966362,-0.28727972507476807
0.947641909122467,-0.22757884860038757,1.1111353635787964,0.7359238862991333,0.8083055019378662
-0.7289034724235535,0.4179425835609436,-0.9347265362739563,-0.7993594408035278,-0.7022218108177185
-0.3710089325904846,0.4336623549461365,0.9245661497116089,-0.4911859929561615,-0.6371632218360901
-0.25644612312316895,0.9038468599319458,-0.052456390112638474,-0.9791562557220459,-0.11773928999900818
0.5925455093383789,-1.9006922245025635,1.139884114265442,0.6566060781478882,0.5545079708099365
-1.9274221658706665,0.9380555152893066,-1.8818280696868896,-1.604455590248108,-0.6531153917312622
0.3635615110397339,-1.2479164600372314,0.4086708724498749,0.1096733957529068,1.034042239189148
-1.5270558595657349,-0.028607789427042007,-0.9440613389015198,-0.8176894187927246,-1.0218615531921387
-0.5960404276847839,-0.0021617054007947445,-0.3450874388217926,-0.300926148891449,-1.3431991338729858
0.6417621374130249,-1.6536805629730225,0.343765527009964,0.30483463406562805,-0.6816426515579224
-0.23531733453273773,0.06274721026420593,0.24672695994377136,-0.2793733775615692,-1.690451979637146
0.751769483089447,1.4930800199508667,1.1763204336166382,0.24098199605941772,0.4691500663757324
-1.113545298576355,1.383338451385498,-0.5485627055168152,-0.9816069602966309,-0.4086278975009918
-1.6904102563858032,1.5541967153549194,-1.5210129022598267,-1.5457617044448853,-0.5554621815681458
0.503703236579895,-0.8376539945602417,0.3761838674545288,0.76194167137146,1.1531888246536255
-0.8897571563720703,0.3221716284751892,0.37890300154685974,-0.25533631443977356,0.26042893528938293
-0.43275272846221924,1.4994497299194336,-0.23423145711421967,-0.6128036975860596,0.29714685678482056
-0.08410840481519699,-0.2783917486667633,-0.058074165135622025,-0.024544717743992805,1.3122438192367554
-1.0700607299804688,1.0806161165237427,-1.3883247375488281,-1.192367672920227,-1.0871813297271729
0.8322045207023621,-0.09223614633083344,0.5202448964118958,1.1765921115875244,0.3448726534843445
-0.23084500432014465,-1.6000622510910034,0.6374050378799438,-0.12618747353553772,0.08672790974378586
0.40151652693748474,-0.19360455870628357,0.8545234799385071,0.29047730565071106,0.40394219756126404
-0.49466392397880554,-2.248831272125244,0.051129210740327835,0.044097431004047394,0.32722267508506775
0.9756735563278198,-0.5685032606124878,1.0030776262283325,1.290723443031311,1.516375184059143
0.4249083995819092,-0.4063844680786133,1.0425710678100586,0.6973168849945068,-0.027250565588474274
1.3220313787460327,0.29233935475349426,0.4381219446659088,2.1830713748931885,-0.19988812506198883
1.8284817934036255,-2.3538763523101807,-1.6295034885406494,2.1010007858276367,2.2278218269348145
0.6991447806358337,-1.0486681461334229,0.10318336635828018,0.7093130350112915,0.7960102558135986
0.3067817687988281,0.8007292747497559,1.0741446018218994,0.7809990048408508,0.01165025681257248
-1.262514591217041,1.1172373294830322,-1.632375717163086,-1.5073113441467285,-0.32716938853263855
-0.22824357450008392,0.1551385372877121,-0.20846045017242432,-0.5927839875221252,-0.9045993685722351
-1.6807186603546143,1.0624375343322754,0.42039215564727783,-0.46676844358444214,-0.9948828816413879
0.1642950475215912,0.5204628109931946,-0.5723696351051331,1.3559861183166504,-0.34670373797416687
-0.020827410742640495,0.3320959508419037,1.1040233373641968,-0.40670937299728394,0.838493287563324
-1.836452603340149,-0.1053486317396164,-1.847197413444519,-0.7996951937675476,-0.3539055287837982
0.8241075277328491,-2.150073528289795,1.4637455940246582,0.18968503177165985,1.3290541172027588
-0.5571382641792297,1.3283835649490356,-0.7073968052864075,-1.1254488229751587,0.07200717180967331
-0.07826394587755203,0.7542596459388733,0.033193521201610565,0.17808054387569427,-0.3731786906719208
1.9675394296646118,-1.9308247566223145,-1.1012638807296753,1.652655839920044,-0.8922481536865234
-0.13584332168102264,-0.6287850737571716,0.10234914720058441,-0.7395913600921631,-1.300249695777893
-0.21825695037841797,0.2590746581554413,0.868615448474884,-0.6043996810913086,-0.06473342329263687
-1.277793049812317,0.9671682715415955,-1.1926213502883911,-1.3223669528961182,-0.3999894857406616
0.7932976484298706,1.3688234090805054,1.400408387184143,0.22396133840084076,2.224407434463501
-0.5503864884376526,1.1680667400360107,-0.6582676768302917,-1.1450209617614746,-0.17190192639827728
-1.6252747774124146,0.33545243740081787,-1.777598261833191,-1.2704209089279175,-0.05227023363113403
-0.006818041671067476,0.9705677032470703,0.42260968685150146,0.10441388934850693,-0.4374909996986389
0.6438788771629333,-2.22529935836792,1.0530568361282349,0.4387282431125641,-0.8130658268928528
-0.7351822853088379,-0.19308309257030487,0.69926917552948,-0.32152774930000305,0.07463787496089935
0.8760321140289307,-1.3838531970977783,0.8100670576095581,1.3317028284072876,-0.571544885635376
-1.0960400104522705,0.7179619073867798,-1.9074195623397827,-1.7179378271102905,-1.426896572113037
0.4279254674911499,0.24243074655532837,1.0835585594177246,0.18034102022647858,-0.6973708868026733
1.925577998161316,0.7213315963745117,-0.06394536793231964,2.1035408973693848,0.9945070743560791
0.3150731325149536,0.9050548076629639,0.983779788017273,-0.2049681544303894,0.6230928301811218
2.2929604053497314,0.36994820833206177,0.5330010652542114,1.9400933980941772,-0.8214243650436401
-0.2743084728717804,-0.06906405836343765,-0.39725247025489807,-0.6014789342880249,0.655258297920227
0.7724006772041321,-1.5143344402313232,0.8405371308326721,0.29881417751312256,0.5826994180679321
-1.8876314163208008,0.9161177277565002,-1.653199553489685,-1.1869179010391235,-1.323870062828064
-1.0502561330795288,1.0190967321395874,-1.4786947965621948,-0.2533780038356781,0.5236298441886902
0.443147748708725,-1.237827181816101,1.3479318618774414,1.56110680103302,1.1109110116958618
-0.3076682388782501,0.9223918318748474,-0.7845566868782043,-0.2649041414260864,0.8747447729110718
1.8030024766921997,-1.752708911895752,-0.06187038496136665,1.7622101306915283,0.9457178115844727
-0.8332958817481995,1.1917306184768677,-0.5291856527328491,-0.9615648984909058,-1.2589607238769531
0.454399973154068,0.35798755288124084,0.807675302028656,0.10271294414997101,-1.5520135164260864
-0.7100272178649902,0.6532047986984253,-0.26316508650779724,-1.4135130643844604,-0.3770221471786499
-1.079410433769226,0.566216230392456,-1.5102895498275757,-1.0379843711853027,-1.5657267570495605
0.5056056976318359,-0.4939275085926056,0.315560519695282,-0.15423071384429932,-0.0703120082616806
-1.2382680177688599,-0.006518229842185974,-0.8953018188476562,-1.004771113395691,-1.4643421173095703
-0.4547373354434967,0.6254649758338928,1.0451898574829102,0.422893762588501,1.0126794576644897
-1.2355542182922363,1.0241397619247437,-1.3335883617401123,-1.3817322254180908,-0.3751750588417053
-1.339376449584961,1.3555326461791992,-1.9189718961715698,-0.700570285320282,0.9309783577919006
-0.5409149527549744,-1.5166975259780884,-0.6596985459327698,-0.3613992929458618,-0.6191587448120117
0.6267610788345337,0.30721423029899597,1.2946580648422241,0.572342038154602,-0.7532126903533936
-0.9364882111549377,1.3267531394958496,-0.9866011738777161,-0.9066086411476135,-0.36478284001350403
-0.04230508580803871,1.2713065147399902,-0.13583068549633026,-0.40162891149520874,-0.18777942657470703
-0.5335215926170349,0.7421472072601318,-0.07212387770414352,-0.9799507856369019,-0.30009740591049194
-0.8377623558044434,1.319898247718811,-0.7173440456390381,-0.7005367279052734,-0.697333574295044
0.6082513332366943,-0.22243022918701172,1.0784318447113037,0.9740787744522095,0.9352882504463196
0.8634089231491089,-0.5222482085227966,0.8958172798156738,0.8841636180877686,-1.0590459108352661
0.46421918272972107,-0.45355045795440674,0.3221075236797333,0.6144740581512451,-0.8502874970436096
0.882427990436554,-1.4484024047851562,1.1531155109405518,1.118513822555542,1.0883355140686035
-1.6673848628997803,1.3748400211334229,-1.6939442157745361,-1.6688005924224854,-0.7351709008216858
-1.6232528686523438,0.05141034349799156,-1.893090009689331,-1.4249273538589478,-0.20891834795475006
0.5703466534614563,-2.1138484477996826,0.23967833817005157,0.7151320576667786,2.212522506713867
-0.0792626142501831,1.0204136371612549,1.3319391012191772,-0.08843092620372772,1.03756844997406
-0.7828089594841003,0.0217793770134449,-0.6811506152153015,-0.46100538969039917,0.3100764751434326
-0.8509392738342285,0.258167028427124,-1.409834861755371,-0.8142539262771606,-1.814225673675537
-0.6920840740203857,1.4435014724731445,-0.9138815999031067,-1.1811772584915161,-1.831912875175476
0.9399417638778687,-0.1689142882823944,0.7738999724388123,1.6908823251724243,-0.10077965259552002
0.1477767378091812,-0.3651559054851532,-0.0038975058123469353,-0.0014476533979177475,-0.9780911803245544
0.21050512790679932,-1.236391544342041,1.4864120483398438,0.40562692284584045,-0.2819063663482666
-0.8956812024116516,0.8102409839630127,-0.8598422408103943,0.5445114374160767,-3.1108450889587402
0.13262587785720825,-0.23529517650604248,1.1615263223648071,0.0973079651594162,0.6469930410385132
-1.209195613861084,1.5217539072036743,-0.6730566024780273,-0.8747382760047913,-1.4051233530044556
1.6243181228637695,0.5321594476699829,0.8812342882156372,2.183239221572876,-0.3113105297088623
0.6131216883659363,1.5441569089889526,0.5235764980316162,-0.17653325200080872,0.8983091711997986
1.6535754203796387,-0.20795798301696777,0.18732324242591858,2.118312358856201,0.7483217716217041
0.8811366558074951,1.3203074932098389,0.36911413073539734,1.0504311323165894,0.3119608759880066
0.9257451295852661,-2.1915595531463623,1.7469151020050049,-0.5532593727111816,-2.2829573154449463
-0.14511577785015106,-0.5420340895652771,-0.17400936782360077,-0.6316595673561096,-0.33073297142982483
-1.4072257280349731,-0.5011157989501953,-1.6305488348007202,-0.9718824625015259,-0.8812589049339294
-0.30903685092926025,0.44216087460517883,-0.4841378629207611,-0.7449067831039429,-0.5105536580085754
1.7192144393920898,-1.4034048318862915,0.44810086488723755,2.2058887481689453,1.2744996547698975
0.32380470633506775,0.11430931836366653,1.191573977470398,0.29085779190063477,0.606319785118103
-0.17834089696407318,1.1136233806610107,0.41634777188301086,-0.5285396575927734,-0.03437772020697594
1.0863845348358154,1.2792637348175049,1.12098228931427,0.8412147164344788,-0.11800049245357513
2.015380382537842,-0.5720677375793457,-0.6344449520111084,1.6124597787857056,-0.8845239281654358
-0.6286637783050537,0.9676039218902588,-0.16154888272285461,0.2720802426338196,-1.077162265777588
1.2721158266067505,-1.8247500658035278,-0.3004567623138428,1.5985276699066162,-1.5735069513320923
0.8267850279808044,-1.1057089567184448,0.8498613834381104,2.126279830932617,0.17665691673755646
0.8259877562522888,-1.3467237949371338,0.7043219804763794,1.1258994340896606,1.2983999252319336
1.119964361190796,-2.128251314163208,1.5266709327697754,0.5518076419830322,1.850679636001587
-1.280800700187683,1.0991677045822144,-1.187425971031189,-0.8299205303192139,-1.4131274223327637
-0.33014222979545593,-0.5139444470405579,-0.28021377325057983,-0.6190367341041565,-1.1976895332336426
-0.7333160638809204,0.5315092206001282,-0.45515671372413635,-0.5100194811820984,-1.155766248703003
0.49716097116470337,-2.272904396057129,1.501929521560669,0.9585241079330444,0.5191333889961243
-1.1326041221618652,0.8008546829223633,-0.29647573828697205,-0.36912068724632263,-0.7431749701499939
0.39389368891716003,1.3713778257369995,0.8879925012588501,-0.39708560705184937,0.9359226226806641
0.4618202745914459,-0.027333835139870644,1.2821500301361084,0.12510500848293304,0.6018419861793518
-0.8288211822509766,1.0866855382919312,-1.0179898738861084,-0.7197394967079163,-0.13173238933086395
-0.13571688532829285,0.4954259991645813,-0.6256698369979858,0.12193811684846878,0.8189216256141663
0.05033751204609871,-0.5390505194664001,1.19016432762146,0.07769112288951874,0.8204888701438904
-0.30657824873924255,-0.12891677021980286,1.0532363653182983,0.22042515873908997,-0.4970269799232483
-0.350680947303772,0.33764389157295227,-0.14621616899967194,-0.6389557123184204,-0.12525825202465057
-0.09498363733291626,-0.8830707669258118,0.556939959526062,-0.44931137561798096,-1.1474822759628296
0.860514760017395,0.14113163948059082,0.8962766528129578,0.7539181113243103,0.06668978929519653
0.19249409437179565,-1.461531400680542,1.0116363763809204,-0.17230325937271118,0.3611046373844147
-0.38031652569770813,-1.414860486984253,1.4348013401031494,-0.47422128915786743,-0.6224051713943481
-1.0935814380645752,1.1151647567749023,-1.0698645114898682,-1.2080118656158447,-0.9565790891647339
-1.0984716415405273,0.2170242816209793,-1.2204092741012573,-1.2293744087219238,-0.836480975151062
-1.357738733291626,0.8724997043609619,-1.7469539642333984,-1.3261269330978394,-0.7860498428344727
-1.893786072731018,0.7847586274147034,-1.85030198097229,-1.5079604387283325,-1.0046967267990112
-1.0276416540145874,0.7707088589668274,-0.6663775444030762,-0.4679434597492218,-0.40454190969467163
0.8470404744148254,0.571760892868042,1.263659954071045,1.9870036840438843,1.6485446691513062
1.9196492433547974,0.8428687453269958,-0.6061026453971863,1.966111183166504,1.934806227684021
-0.16109086573123932,-1.1382838487625122,0.2060350626707077,-0.41256198287010193,-1.0839909315109253
0.9282505512237549,-0.1878453642129898,0.7322313189506531,0.9254563450813293,1.1244935989379883
0.35673949122428894,-0.2380972057580948,0.3721289336681366,0.2850947082042694,-1.5444386005401611
2.5815491676330566,1.3412452936172485,-1.781479001045227,2.0077059268951416,-1.0426273345947266
-0.03023567423224449,0.9079657793045044,-0.8626616597175598,0.7405343651771545,1.16748046875
-1.7589538097381592,1.4837068319320679,-1.7693511247634888,-1.321773886680603,-0.3493344485759735
0.3220754861831665,0.6669740676879883,1.5340574979782104,-0.6078351140022278,0.9145784974098206
-1.194850206375122,0.3241155743598938,-1.5685368776321411,-1.9227116107940674,-0.9017447829246521
-0.017326824367046356,-0.547730565071106,0.24085575342178345,-0.2534339427947998,-1.2849878072738647
0.5769637823104858,1.3033467531204224,1.7580450773239136,-0.4405156970024109,0.04357318580150604
-1.8641154766082764,0.7007899284362793,-1.7732107639312744,-1.4463794231414795,-0.7265511751174927
-0.6879489421844482,-0.5786387920379639,-0.22442147135734558,-0.32479536533355713,-0.11393316835165024
2.4164373874664307,-0.7384638786315918,-1.5507121086120605,1.8396480083465576,1.3147438764572144
0.5910457372665405,0.3292146921157837,1.3922615051269531,0.9373517632484436,-0.8183085918426514
0.12383577227592468,0.32904306054115295,0.021472228690981865,-0.18485893309116364,-0.8036065101623535
-0.4667622745037079,0.480075865983963,-0.6321746110916138,-0.4593380093574524,-1.297581672668457
-0.17686690390110016,0.280863881111145,-0.014874337241053581,0.12245287746191025,-0.0035182656720280647
0.00640457309782505,1.4534257650375366,-0.15569880604743958,0.03289579972624779,0.7267910242080688
-0.018532712012529373,1.075520396232605,0.6713545322418213,-0.021556871011853218,0.8710132837295532
-0.7326616048812866,1.520978331565857,-0.835560142993927,-0.8258472084999084,-0.20087696611881256
0.8325077295303345,-0.19634388387203217,-1.660871148109436,-1.9985716342926025,-1.1416798830032349
0.021331820636987686,0.7744712829589844,0.41705000400543213,-0.1295110285282135,-1.1971858739852905
-0.4155178964138031,-1.4407092332839966,1.8062291145324707,0.17620055377483368,-1.0116373300552368
-0.8233150839805603,1.3351197242736816,0.30691736936569214,-0.49127551913261414,0.14520041644573212
-0.018432026728987694,-1.3135515451431274,0.2006654441356659,-0.6303278803825378,0.3518505394458771
-0.5042665600776672,0.26947420835494995,-1.160862922668457,-0.016006413847208023,1.478519082069397
0.14429722726345062,0.25440457463264465,1.020305871963501,-0.15548403561115265,0.6360037922859192
1.7483465671539307,-1.699932336807251,-1.8429471254348755,-1.91103994846344,-0.2098512202501297
0.7127912044525146,-0.17757782340049744,0.14077597856521606,1.2150312662124634,-0.35315924882888794
0.13214820623397827,-2.2054905891418457,1.0408815145492554,0.25818169116973877,2.1830811500549316
2.434598445892334,-1.0911409854888916,1.4702397584915161,0.1733134239912033,-1.737823247909546
-0.767085611820221,0.843390166759491,-0.32054662704467773,-0.5817725658416748,-0.6928557753562927
1.3541653156280518,-0.4858316481113434,0.05629291385412216,0.11520147323608398,1.423815369606018
0.7222100496292114,-1.162726640701294,1.6658058166503906,0.922770619392395,0.6318058967590332
-0.9551010131835938,0.18636028468608856,-1.0782806873321533,-0.20026816427707672,0.13579705357551575
0.3901636302471161,-1.1183494329452515,0.5532334446907043,0.09483487904071808,1.1555023193359375
0.24622280895709991,-1.4954495429992676,0.5501658916473389,-0.7168635725975037,1.2556370496749878
-0.6228310465812683,1.0196181535720825,0.2804969549179077,-0.2197619080543518,0.4622468054294586
-1.7730311155319214,1.2214441299438477,-1.6287062168121338,-1.1247214078903198,-0.18945860862731934
2.142157793045044,-0.4987362027168274,-1.4679397344589233,1.2776529788970947,2.12796688079834
0.18353071808815002,-0.5533445477485657,-1.921104907989502,-1.2147709131240845,-1.3439455032348633
-0.4701504707336426,0.3041778802871704,-0.8847684860229492,-0.6119756102561951,-1.3984625339508057
-2.804921865463257,0.5711932182312012,-1.9193837642669678,-1.6959149837493896,-0.7608435750007629
-1.931531548500061,-0.17014862596988678,0.10230690985918045,0.06145380064845085,1.0361878871917725
-0.3909856975078583,1.1136927604675293,-0.026020124554634094,-0.7802461981773376,-1.3361092805862427
-1.0944828987121582,-0.9049788117408752,-1.1075258255004883,-1.0439376831054688,-0.9430710673332214
-0.2574061453342438,0.5931375622749329,1.2790296077728271,-0.08610332012176514,-0.15781553089618683
0.0866956040263176,-1.2212822437286377,0.2666795551776886,-0.10761134326457977,-0.1470688283443451
0.3609425127506256,-0.3669051229953766,1.056166648864746,0.08881442248821259,0.2232072949409485
0.5334300994873047,0.7609957456588745,-0.16381922364234924,0.27989116311073303,0.8514042496681213
-1.1165060997009277,0.9096819758415222,-1.405764102935791,-0.8888270258903503,-0.8753071427345276
0.4687301218509674,-0.89541095495224,0.960527241230011,0.24080295860767365,-1.3388519287109375
-1.3499964475631714,-0.7279554009437561,-1.8046998977661133,-0.7631807923316956,0.746567964553833
-1.5927029848098755,0.6317257881164551,-1.2115548849105835,-1.0719809532165527,-0.646212100982666
1.7135618925094604,0.3219934105873108,0.5111424326896667,2.220022201538086,0.5050843358039856
-2.6152100563049316,0.7099980115890503,-1.6421539783477783,-1.4170268774032593,-1.2053390741348267
0.7154465317726135,-0.934438169002533,1.04873788356781,-0.03132612258195877,0.3137706518173218
-0.03151297941803932,0.5059608817100525,-0.15614230930805206,-0.39219537377357483,-0.75160813331604
-0.005759670399129391,0.16039606928825378,0.687162458896637,-0.17297469079494476,-0.5546412467956543
-0.9419907927513123,0.7324110269546509,-1.040867567062378,-1.2118949890136719,-0.7344245910644531
-1.2240384817123413,1.130719542503357,-1.4528181552886963,-0.8789011240005493,-0.8481232523918152
0.9131301045417786,-0.1490623950958252,0.7855843305587769,1.4327412843704224,0.5778298377990723
2.0028414726257324,-0.8107491731643677,-1.3102091550827026,2.191352367401123,2.002943277359009
-1.251550316810608,0.8672091364860535,-1.6090598106384277,-1.4466367959976196,-1.0257236957550049
0.6741197109222412,0.00854148343205452,0.8525118827819824,0.5444443225860596,0.5678667426109314
2.0432703495025635,-1.314303994178772,0.9321004748344421,1.8991811275482178,2.3385539054870605
0.23304352164268494,0.6265078783035278,0.8428919315338135,0.7159937024116516,0.7742929458618164
0.27561721205711365,0.6099464893341064,0.696259617805481,0.7192277312278748,0.12288608402013779
0.20656901597976685,0.4968583881855011,0.6004037261009216,0.31162723898887634,0.7266790866851807
0.7147054076194763,-1.6698657274246216,-1.7084743976593018,-1.1568492650985718,-0.16307693719863892
-0.7027813792228699,0.04741686210036278,-0.7327031493186951,-1.0113399028778076,1.4766533374786377
0.4062756896018982,-0.4244673550128937,0.9578714966773987,-0.6716765761375427,0.46853435039520264
1.0422724485397339,0.2749561667442322,1.0732786655426025,2.085960626602173,-0.36586496233940125
0.5043154954910278,-1.0995900630950928,0.22802041471004486,0.20810449123382568,-1.52749764919281
0.12177522480487823,-1.3181456327438354,0.7190791964530945,-0.3659425973892212,-0.10647018253803253
0.8415566086769104,-0.8632980585098267,0.39464226365089417,1.614362120628357,0.771774172782898
0.640937864780426,-2.286719799041748,0.2608664333820343,0.7969005703926086,2.2167205810546875
-0.18427199125289917,0.3877769410610199,0.20252923667430878,-0.4324026107788086,-0.4698057174682617
0.03921876102685928,1.0918606519699097,-0.7917953729629517,0.6155036091804504,1.6471266746520996
-1.1083108186721802,1.0172584056854248,-1.1775790452957153,-1.2545641660690308,-0.2807309329509735
-1.6840389966964722,0.7388567328453064,-0.8920493721961975,-0.7706224322319031,-0.8409960865974426
-0.7500029802322388,0.2952767014503479,-0.6654694080352783,-1.001570701599121,-0.13757218420505524
-1.0456421375274658,-1.1246994733810425,-1.032287836074829,-0.8185175061225891,-0.9702177047729492
-1.9769268035888672,0.37986257672309875,-1.7141343355178833,-1.4673614501953125,-0.3973774313926697
0.8399912714958191,1.2608376741409302,0.6264862418174744,1.1703814268112183,0.35373494029045105
-0.06231813505291939,-0.9410818219184875,-0.5904531478881836,0.1296483278274536,0.5113159418106079
1.5390735864639282,-1.9195011854171753,0.7849507331848145,1.900344967842102,-2.0859529972076416
-1.7024996280670166,0.7234141230583191,-1.5632781982421875,-1.5450903177261353,-0.20570926368236542
0.27388447523117065,0.40853312611579895,0.2858348786830902,-0.3086923360824585,0.8054695725440979
1.0786914825439453,-0.6818785667419434,1.4027684926986694,0.23935939371585846,0.2502792775630951
-0.6650289297103882,-0.3092207610607147,0.46804818511009216,-0.5753940343856812,-0.07454725354909897
1.7551931142807007,-1.3298851251602173,1.1935697793960571,2.014353036880493,0.8303773403167725
0.35586607456207275,0.8238518238067627,0.5146641135215759,0.023797975853085518,0.41828978061676025
0.5796635746955872,0.14799317717552185,0.887073814868927,1.0903586149215698,0.574508786201477
1.8714840412139893,-1.4889609813690186,0.38748279213905334,-0.5333627462387085,1.6551307439804077
0.5020641684532166,-1.4928059577941895,1.2321497201919556,1.2183213233947754,1.8237009048461914
1.0360440015792847,-2.3922500610351562,2.251347780227661,0.6235047578811646,2.0735058784484863
-0.4835931658744812,0.6850833296775818,-0.804794430732727,-0.8191441893577576,-1.6884928941726685
-1.126503348350525,0.08789623528718948,-1.4481137990951538,-1.1872648000717163,-0.01913456805050373
-1.532377004623413,-1.0869296789169312,-1.6001474857330322,-0.9144419431686401,-0.539304792881012
-0.5069558024406433,0.021931195631623268,-0.059700362384319305,-0.7312880158424377,0.350488543510437
0.2772562801837921,0.4807029366493225,0.5850393772125244,0.13244594633579254,-1.125335931777954
-0.9372246265411377,-0.7415233254432678,-1.5776710510253906,-0.02433209866285324,0.9170598983764648
-0.5364824533462524,-0.784900426864624,-0.7526082396507263,-1.015211820602417,-1.2447624206542969
0.31940263509750366,-1.2967623472213745,0.6639521718025208,-0.5298041701316833,-1.9640451669692993
-0.18770818412303925,0.25415706634521484,1.5514968633651733,0.834578812122345,0.3204686939716339
2.010902166366577,0.20542998611927032,1.7663713693618774,2.1098859310150146,-0.766907274723053
-1.057915210723877,0.05375032499432564,-0.40366747975349426,-0.5361827611923218,0.3996696472167969
0.5240803956985474,0.638168215751648,1.702764868736267,1.0628749132156372,1.9936891794204712
-0.17852821946144104,1.0570876598358154,0.015569343231618404,-0.32715654373168945,-0.732969343662262
-0.8072568774223328,0.34692132472991943,-1.0643365383148193,-1.189245581626892,-0.249628946185112
-0.6993580460548401,-0.4776466488838196,0.7178965210914612,0.38878530263900757,1.1702604293823242
1.0519815683364868,-0.6205076575279236,0.9900469779968262,0.8705224990844727,0.824649453163147
-1.314913272857666,0.7959766983985901,-0.11473235487937927,-0.888592004776001,0.16501465439796448
-0.7359222173690796,0.06410697102546692,0.11141994595527649,-0.3253660798072815,0.34341737627983093
0.5425784587860107,-2.392834186553955,1.3965117931365967,-0.5522298216819763,-0.19330203533172607
0.8408190011978149,-0.19058799743652344,-0.8561938405036926,-1.2464510202407837,-1.154665470123291
-0.5654319524765015,1.5182719230651855,-0.07133717834949493,-0.5473396182060242,0.32313668727874756
-0.4576267898082733,0.2589162290096283,-0.2870723009109497,-0.8949369788169861,-0.4254942536354065
0.01075864676386118,-0.0966256782412529,-0.3069668412208557,0.1425173282623291,-0.13514670729637146
-1.0028681755065918,0.2538072168827057,-1.0011630058288574,-0.8393764495849609,-0.00021589356765616685
-0.163625568151474,0.8155480623245239,0.8821371793746948,-0.45307135581970215,0.38668403029441833
-2.1777608394622803,0.2777779996395111,-0.7132838368415833,-0.8261157870292664,-0.3506964445114136
1.6305840015411377,-2.3933260440826416,0.7768725752830505,2.0708649158477783,-1.8822320699691772
1.4361785650253296,0.3079865276813507,0.9672855138778687,2.007795572280884,-0.6350922584533691
1.3923146724700928,0.6564160585403442,0.9184520244598389,1.930525541305542,1.7738481760025024
0.3726431429386139,-2.0221104621887207,0.3295099139213562,0.5995572209358215,-0.7570934295654297
0.12040894478559494,-1.1512973308563232,0.47259941697120667,-0.5269394516944885,0.37091848254203796
-0.7316278219223022,0.3308582901954651,-0.3681604266166687,-0.4771643579006195,-0.08199158310890198
-0.3109147846698761,0.80500328540802,0.850700855255127,0.04743218049407005,0.24462607502937317
-1.6099599599838257,1.4988590478897095,-1.5307700634002686,-1.3981374502182007,-0.25675609707832336
-1.3725523948669434,0.20500753819942474,-0.9414055347442627,-0.9963559508323669,-1.707392930984497
0.4773668646812439,0.7966565489768982,0.7816877961158752,0.052232880145311356,-0.198843315243721
-1.2474608421325684,1.5376914739608765,-1.644688367843628,-1.0882854461669922,-0.019787577912211418
-0.39902883768081665,0.6926511526107788,-0.25696125626564026,-1.0536733865737915,-1.2921710014343262
1.0345371961593628,-1.7580853700637817,0.8811603784561157,1.0526692867279053,1.7570005655288696
0.2978874742984772,1.161010503768921,0.61991286277771,0.2082611620426178,-0.27864131331443787
-0.24722634255886078,-0.6856938004493713,-0.4982720613479614,-0.21459193527698517,0.85481858253479
-0.25771522521972656,1.2857919931411743,0.7134086489677429,-0.5032045245170593,-1.5592713356018066
1.96926748752594,-1.1483633518218994,-0.921120285987854,1.4945125579833984,-1.9251816272735596
0.41569215059280396,-0.01830724999308586,0.7888367176055908,0.28149139881134033,-0.8629932403564453
0.4283891022205353,-1.838806390762329,2.1382479667663574,1.2922788858413696,1.0223253965377808
-1.1417126655578613,-0.05486245080828667,-0.7144559621810913,-0.7530646324157715,0.19488525390625
-1.502020239830017,0.6807103157043457,-1.7188704013824463,-1.5166889429092407,-0.24009497463703156
-0.8016899228096008,0.7876530885696411,-0.5964986085891724,-0.8352360129356384,-0.3465358316898346
-0.03313448652625084,-0.07092218101024628,1.6445597410202026,0.36169326305389404,0.25395479798316956
-1.0136041641235352,0.047892119735479355,-0.7703644037246704,-0.8686171174049377,-0.22535556554794312
0.7422991991043091,-2.311152696609497,0.5047537684440613,1.358593463897705,2.0277576446533203
0.027189156040549278,0.6771326661109924,0.9347984790802002,0.3211055397987366,1.58943772315979
0.664385974407196,-1.2846994400024414,1.4555354118347168,0.6092928647994995,0.15747703611850739
-1.16778564453125,0.3323797583580017,-1.2092899084091187,-0.8400591015815735,-1.2574681043624878
1.253175139427185,-2.1273305416107178,-1.198413372039795,1.9436967372894287,0.7839761972427368
-1.0867522954940796,0.7684546709060669,-0.875338613986969,-1.0799485445022583,0.15693597495555878
-1.5175024271011353,0.875512957572937,-0.5092172026634216,-1.0366414785385132,-0.21688507497310638
0.18956834077835083,-1.9749412536621094,-1.6432311534881592,-1.2053149938583374,0.5161855220794678
-0.8377202153205872,-0.06757228076457977,0.943642258644104,0.48026713728904724,0.28800469636917114
-0.9982249736785889,-0.3184222877025604,0.31620466709136963,-0.535835862159729,-1.017085313796997
0.7740620374679565,-1.7151141166687012,0.6262486577033997,0.4725121557712555,0.5209618210792542
-1.2940222024917603,-0.1424516886472702,-0.901130735874176,-1.1176378726959229,-0.5268416404724121
0.5843302607536316,-2.1350369453430176,1.535857915878296,1.2507400512695312,1.2495546340942383
0.014639731496572495,0.13134266436100006,-0.10364464670419693,0.0703725814819336,1.2547041177749634
0.2369445115327835,0.6954565048217773,-0.29743140935897827,0.5732149481773376,0.2969042956829071
-0.6928977966308594,0.9092034101486206,-0.9161149859428406,-0.9882540702819824,0.5583887100219727
0.49686360359191895,-1.323947787284851,1.0714834928512573,0.24208985269069672,0.5909460186958313
-0.7379850745201111,-0.6836211681365967,0.05067514255642891,-0.23881922662258148,-0.5797728300094604
-0.5567566156387329,-0.5468890070915222,0.19252917170524597,-0.47431081533432007,0.6012449264526367
0.4718092381954193,1.2160611152648926,0.21365918219089508,-0.03701086714863777,0.04056933522224426
-1.5121028423309326,0.9000943303108215,-0.76704341173172,-0.7503901124000549,-0.9746955037117004
0.21107295155525208,-0.5456711649894714,-0.21051432192325592,-1.1572072505950928,-0.15298324823379517
0.3775111734867096,-0.5230931043624878,1.1591925621032715,0.3021713197231293,0.5703854560852051
0.6538654565811157,-0.8725919723510742,1.2120070457458496,0.24379080533981323,-0.44756603240966797
0.5370676517486572,-1.927735686302185,1.377668023109436,0.1153021901845932,0.43437254428863525
-0.975543737411499,0.9534980654716492,-1.494687557220459,-0.7190121412277222,-0.7112520337104797
-1.0237042903900146,0.9441282153129578,-1.061173915863037,-1.0655128955841064,-1.0592511892318726
0.3835476338863373,-1.0101360082626343,1.0584052801132202,-0.15997140109539032,1.0162802934646606
0.3225894570350647,-1.3962461948394775,1.6569039821624756,1.061297059059143,1.1229264736175537
0.49352341890335083,0.5142250657081604,0.5634394288063049,1.711472749710083,-0.06870745867490768
-1.448340654373169,0.73432856798172,-1.4265191555023193,-0.9107714891433716,-0.45646563172340393
0.59525465965271,0.886239230632782,0.27990031242370605,0.29165229201316833,-1.844282865524292
0.42239829897880554,-1.0193837881088257,1.6208953857421875,0.9678680896759033,1.6631721258163452
0.018178952857851982,-1.1660534143447876,1.2338340282440186,-0.001772176125086844,-0.2676334083080292
-0.7626062631607056,0.4775378406047821,-0.9952812194824219,-1.1956464052200317,-0.4081054925918579
-0.2916392982006073,-0.560744047164917,-0.5129711627960205,-0.18020372092723846,1.7892593145370483
-0.07474931329488754,1.3246937990188599,-0.3617453873157501,-0.12671342492103577,-0.647126317024231
-1.029445767402649,0.44812139868736267,-0.763891339302063,-0.9512360692024231,-0.05775552615523338
0.9188644886016846,-0.7344604730606079,0.9705801010131836,0.41017022728919983,0.8611248135566711
0.5911698341369629,0.8096040487289429,0.9235893487930298,0.3352278769016266,1.5297898054122925
-1.8785743713378906,0.4721812903881073,-0.8184428215026855,-1.03062105178833,-0.9097861647605896
-1.8330292701721191,0.609322726726532,-0.866336464881897,-0.9287209510803223,-0.6080948710441589
0.7399634718894958,-0.696588397026062,1.4103186130523682,1.6802737712860107,0.9662410020828247
1.7247520685195923,-1.6260793209075928,-1.6481044292449951,-0.0023652692325413227,0.17598524689674377
-2.381272554397583,0.7087702751159668,-1.9061312675476074,-1.7498865127563477,-0.29713085293769836
2.1064062118530273,0.03297102451324463,-0.17832829058170319,1.8447508811950684,0.9563152194023132
0.15536680817604065,-0.5107991695404053,0.5099016427993774,0.025185588747262955,-1.4627375602722168
-0.9796847701072693,-1.0569653511047363,-1.141586184501648,-1.558474063873291,-0.0807042121887207
-1.201775312423706,0.5845268368721008,-1.0607304573059082,-0.4554325342178345,0.6828713417053223
0.5121584534645081,0.425526887178421,1.3146158456802368,0.5541576147079468,1.2005788087844849
1.1114704608917236,0.4092691242694855,1.807813048362732,1.173111915588379,-0.5925718545913696
0.3536626994609833,1.4366564750671387,1.2220176458358765,0.5986843705177307,-0.4630144238471985
-0.23711679875850677,0.46520426869392395,0.2950693666934967,0.15954917669296265,0.40550944209098816
0.6328209638595581,-0.23493212461471558,0.2864896059036255,1.1046600341796875,0.7633410096168518
-1.3939456939697266,1.1944435834884644,-1.4182615280151367,-1.4829609394073486,-1.9674221277236938
-1.0898455381393433,0.9986804723739624,-1.2038938999176025,-0.9918349981307983,-0.2443675398826599
-0.6240298748016357,0.2982536554336548,1.1598526239395142,-0.215017169713974,0.8066450357437134
0.7555299997329712,-1.436220645904541,0.704966127872467,1.4130908250808716,0.5487428307533264
0.35989701747894287,0.8133763670921326,0.4976259768009186,0.301567018032074,0.8069995045661926
-0.5460265278816223,-0.11088339239358902,-0.7358130216598511,-0.7099478840827942,-0.43894627690315247
-1.9545698165893555,1.0157864093780518,-1.0052390098571777,-0.9237523674964905,-1.3687412738800049
-0.2714482843875885,0.18848244845867157,-0.6533257365226746,0.2068847417831421,0.4083267152309418
1.5609996318817139,-0.16185803711414337,-0.09509655088186264,2.1040332317352295,1.5707056522369385
-0.7545209527015686,-0.3176169991493225,-0.7159660458564758,-1.196933388710022,0.15939874947071075
0.07007542997598648,-1.215166687965393,0.12805679440498352,-0.1673794686794281,-0.40674349665641785
-2.113285779953003,0.9650593400001526,-1.4237314462661743,-1.4890708923339844,0.19684429466724396
-1.0156986713409424,0.9126226305961609,-0.4118829667568207,-0.45180684328079224,-1.1851516962051392
-0.36811479926109314,-0.3421422243118286,-0.21924720704555511,-0.7369056344032288,0.1544918417930603
0.5854553580284119,0.6933673620223999,1.507336139678955,-0.3485638499259949,-0.2800219655036926
0.23970985412597656,-1.0829461812973022,0.17613521218299866,1.3532556295394897,0.7468478083610535
-0.8531414866447449,0.9204676747322083,-1.7601906061172485,-1.5558555126190186,-0.38314178586006165
-0.39210963249206543,0.6664822697639465,-0.6117520928382874,-0.5826901793479919,1.1199785470962524
-0.5316975712776184,-1.1247621774673462,-0.4074109196662903,-0.21749025583267212,-0.5526822209358215
-2.028202772140503,0.31493717432022095,-1.251512885093689,-1.4471291303634644,-0.5485215783119202
0.5855653882026672,0.11758991330862045,0.9060179591178894,-0.14567002654075623,0.27929165959358215
-1.0304502248764038,0.8819718360900879,-0.45983994007110596,-1.0513681173324585,-0.677052915096283
0.6423872709274292,-0.5008847713470459,1.238886833190918,-0.12189033627510071,0.7696285843849182
-0.7438552975654602,0.6696375012397766,-0.6189643740653992,-1.2574623823165894,0.19070598483085632
1.2322489023208618,-1.9822945594787598,0.5071033239364624,-0.3431253135204315,0.9627893567085266
0.9002317786216736,0.29651764035224915,1.5387566089630127,0.8841636180877686,-0.35944679379463196
0.8800021409988403,-1.9697728157043457,1.4639356136322021,-0.308759480714798,1.5796053409576416
0.7406530976295471,-1.203506350517273,1.4192732572555542,0.04520528391003609,1.0894736051559448
0.6548126339912415,-2.347001552581787,0.7705684304237366,2.2074217796325684,-0.46435776352882385
-0.6922093629837036,0.9077776670455933,-1.1108521223068237,-0.9259456992149353,-0.39233991503715515
-0.8970322608947754,0.9137744903564453,-1.339876651763916,-1.633304476737976,0.20768427848815918
-1.3033320903778076,0.4555670917034149,-1.0560154914855957,-0.8960224986076355,-0.05587112531065941
-1.5939463376998901,1.3930779695510864,-0.802238941192627,-0.9406499266624451,-0.34674105048179626
0.42467308044433594,1.1228644847869873,0.48719295859336853,0.553150475025177,1.127777338027954
-0.2540881931781769,0.1579768806695938,-0.026949381455779076,-0.2400166094303131,-0.04639312997460365
0.9760400056838989,-0.4618476629257202,-0.3581392467021942,-0.6431968808174133,0.9354375004768372
-1.2057254314422607,1.0312917232513428,-0.5696980357170105,-1.038622260093689,0.4692433476448059
0.1654786914587021,0.4550885558128357,0.5670033693313599,-0.37479424476623535,-0.1176460012793541
0.33655548095703125,-0.7995244860649109,0.013071969151496887,0.2811892330646515,-0.36116328835487366
-1.2608286142349243,0.750840425491333,-0.6026021242141724,-0.9171500205993652,-0.5795862674713135
0.6825293302536011,0.8836154341697693,-0.7763148546218872,-0.11892487108707428,0.7106710076332092
-0.035718366503715515,-1.634350061416626,0.1310768723487854,-0.42209622263908386,0.8259368538856506
0.08703981339931488,0.7535236477851868,1.3423246145248413,-0.691696286201477,0.18723569810390472
0.48018255829811096,0.5505030155181885,0.6335771083831787,-0.251240611076355,-0.5602571368217468
-0.4730551242828369,1.4263097047805786,1.0662511587142944,0.03141866251826286,-0.27173805236816406
-1.6594750881195068,0.3746017515659332,0.0060339136980473995,-0.5463436841964722,0.733694314956665
1.6630926132202148,1.1115310192108154,1.8886582851409912,-0.2629346251487732,-0.05038582906126976
-1.5136213302612305,-1.0194168090820312,-1.7935645580291748,-1.0841673612594604,-1.15291166305542
-1.2848269939422607,0.20829473435878754,-1.6745564937591553,-1.0721487998962402,-0.5268789529800415
-0.07974965125322342,-0.836987316608429,0.24935632944107056,-0.30357828736305237,0.664549708366394
-1.0482306480407715,0.8031088709831238,-0.7423495054244995,-1.1232330799102783,-0.616285502910614
-0.6392252445220947,0.2854316234588623,0.7578492164611816,0.019534418359398842,0.2277224063873291
0.7427545785903931,-0.1856340914964676,1.023199200630188,0.1469375640153885,1.3583277463912964
0.9248740673065186,1.231427788734436,1.1582739353179932,1.9637835025787354,1.3420770168304443
-1.607319951057434,0.8756647706031799,-1.6709028482437134,-1.2930256128311157,-0.48503023386001587
-0.6830223798751831,0.3961995542049408,-0.26437947154045105,-0.8202072381973267,-0.289350688457489
-1.223395824432373,0.9093123078346252,-0.5469682216644287,-0.8952503204345703,-1.3616700172424316
0.5953611731529236,-1.9288610219955444,1.6712071895599365,0.7179296612739563,1.8818376064300537
0.5540566444396973,-0.5401957631111145,0.6693481802940369,-0.0989275574684143,-0.3460320830345154
1.6752814054489136,-1.2235925197601318,0.4435654580593109,2.1424500942230225,0.17837339639663696
0.5167315006256104,-0.6466897130012512,-0.08587263524532318,-0.2191576361656189,-0.061841513961553574
-0.4834749400615692,1.0000237226486206,-1.0994423627853394,-0.7109438180923462,0.7438253164291382
-0.6760797500610352,-1.5131001472473145,-1.1448280811309814,-0.821236789226532,0.8467025756835938
-1.088154911994934,1.228134036064148,-1.4449511766433716,-1.2115256786346436,-0.9517841339111328
0.43891778588294983,-0.09281042218208313,1.0535478591918945,0.3233436346054077,-0.4388343393802643
0.6992033123970032,1.5311896800994873,0.9670426249504089,0.5478014349937439,-1.0069729089736938
-1.2680405378341675,-0.1384483128786087,-0.5335679054260254,-0.9865195751190186,-0.02461986243724823
0.49529829621315,1.0578038692474365,0.5747541785240173,0.20640355348587036,-0.34920385479927063
-0.3199167847633362,-0.6693436503410339,0.032913688570261,0.10806197673082352,-1.1047381162643433
-1.0264439582824707,-0.0006501234602183104,-1.1547752618789673,-0.8822134733200073,-0.05368819832801819
0.6513015031814575,0.706895649433136,0.3947848379611969,0.5798172950744629,1.542253017425537
-0.8525701761245728,0.3849947154521942,0.3156185746192932,0.5064079761505127,1.1007612943649292
-1.0602707862854004,0.9564980864524841,-0.18712981045246124,-0.22063477337360382,-0.9933529496192932
-0.39783936738967896,-0.10041453689336777,0.2581261694431305,-0.4230809807777405,1.1460989713668823
0.47899070382118225,-1.3094524145126343,1.127740502357483,0.4725121557712555,1.7615716457366943
0.4332793951034546,0.6726375222206116,0.4461737275123596,0.2966432273387909,-0.4404388666152954
1.6711639165878296,-2.0394771099090576,1.7807326316833496,2.0976099967956543,1.8802144527435303
-0.14097127318382263,0.4361838698387146,-0.37317100167274475,-0.24641753733158112,1.0456098318099976
-0.1490214467048645,0.5468692779541016,-0.04697589576244354,-0.4906376600265503,0.20960600674152374
-1.2934015989303589,0.13759362697601318,-1.6060608625411987,-1.2286694049835205,-1.326183557510376
-0.7866607904434204,1.062483787536621,-0.5260018706321716,-0.8212927579879761,-0.2650773227214813
0.8181541562080383,-0.13248778879642487,1.0648784637451172,0.8297109603881836,-0.9735947251319885
-0.33044078946113586,1.4409898519515991,-0.34488680958747864,-0.4610949158668518,-0.794949471950531
-0.07970398664474487,-1.0858471393585205,-1.1483813524246216,0.5465592741966248,0.8597441911697388
-0.13541950285434723,0.8187659382820129,-1.1479800939559937,-0.7959015965461731,-0.7038450241088867
0.48605626821517944,0.27346107363700867,0.910072922706604,0.2108573466539383,1.2081910371780396
-0.6879887580871582,0.12010811269283295,-0.8542613983154297,-1.0311245918273926,-0.7395740747451782
1.9272698163986206,-1.8669456243515015,-1.3428651094436646,-0.07672572880983353,-1.7236436605453491
-0.5727012157440186,1.491310954093933,-0.7014833688735962,-0.7736998200416565,-1.102704405784607
0.21202829480171204,0.5580741167068481,1.6122628450393677,-0.40035319328308105,-1.8645075559616089
-1.4185844659805298,0.6616736054420471,-1.2955944538116455,-1.1257061958312988,-0.5002920627593994
-1.2953802347183228,0.9146887063980103,-1.2334768772125244,-1.1650406122207642,0.3263644576072693
0.850168764591217,-0.2457343339920044,-0.38809719681739807,-0.5801723599433899,-1.6322033405303955
1.9800735712051392,-1.816182255744934,-0.6996617913246155,2.086251735687256,-2.015427827835083
-0.2759943902492523,0.8935694098472595,-0.5471424460411072,-0.3201177716255188,-1.2994287014007568
1.5308781862258911,0.6977040767669678,-0.19055645167827606,1.7639447450637817,1.6392159461975098
-0.8318265676498413,-0.45851755142211914,-0.293624609708786,-0.4616096615791321,-0.31101199984550476
-1.361366868019104,0.8027194142341614,-1.0199223756790161,-1.4567753076553345,-1.3424901962280273
-0.7593667507171631,0.7056877017021179,-1.5567628145217896,-0.3157646954059601,-0.11725419759750366
-0.7808749079704285,1.0231958627700806,-0.197330504655838,0.04518290236592293,0.5841546654701233
0.24771319329738617,-1.9401286840438843,1.1557449102401733,0.1257876306772232,1.1985265016555786
1.1297836303710938,0.4641217291355133,0.7529653310775757,0.7443166971206665,-0.6281703114509583
-1.3127965927124023,1.4146625995635986,-1.3038415908813477,-1.4165009260177612,-1.186121940612793
-0.4560767114162445,-1.5398696660995483,-0.5323377251625061,-0.6909688711166382,-1.0858380794525146
0.27259546518325806,1.1564791202545166,0.10462476313114166,0.1213226467370987,0.8191641569137573
0.10300435870885849,0.8384032845497131,0.49135348200798035,-0.1747203916311264,1.3432151079177856
0.9200189113616943,0.2346384972333908,1.8966044187545776,1.3855063915252686,0.3378574550151825
-1.88385808467865,0.640465259552002,-1.5533784627914429,-1.2440786361694336,-0.07603985071182251
0.1057661920785904,-1.0909132957458496,-1.701314926147461,-0.8916246294975281,0.9080296754837036
0.20770348608493805,0.8727835416793823,0.8244335651397705,-0.010545480065047741,0.7900958061218262
0.9167582988739014,-1.593765139579773,0.8538793325424194,1.5887471437454224,1.1194747686386108
-1.4773838520050049,-1.1493335962295532,-0.12788449227809906,-0.21924714744091034,-0.7665154337882996
-0.6976206302642822,1.0058027505874634,-0.8885858058929443,-0.8093860745429993,0.22865527868270874
1.326269507408142,-0.5252647995948792,-1.7856290340423584,2.113959312438965,0.7997044324874878
-0.5364274382591248,-1.5346120595932007,-0.6507703065872192,-0.5427179336547852,0.3354133069515228
-1.3433886766433716,-0.37348610162734985,-1.1971144676208496,-0.23221686482429504,0.28561651706695557
1.5088584423065186,-0.717608630657196,1.3336234092712402,2.035525321960449,-0.059994425624608994
1.915359616279602,-1.750939965248108,-1.710269570350647,1.8298676013946533,-0.7971696853637695
0.4495448172092438,-1.5978642702102661,0.5741945505142212,0.24759554862976074,0.4105656147003174
0.4100877046585083,-1.0957417488098145,1.3078206777572632,-0.5320422649383545,-0.21931055188179016
-0.7590986490249634,-0.8298980593681335,-1.2264177799224854,-0.6545775532722473,1.090257167816162
0.2887789309024811,1.257916808128357,0.723276674747467,0.38172414898872375,0.9572107791900635
0.030914530158042908,-0.465682715177536,0.3502914309501648,-0.5104447603225708,1.8264062404632568
1.0368857383728027,-0.9100449085235596,1.44144868850708,0.5463914275169373,-0.15576320886611938
-0.6696019172668457,-0.9423590898513794,-1.0732172727584839,-0.9289783239364624,-0.05219560116529465
0.8122453093528748,-0.0327431857585907,1.1093190908432007,1.770748496055603,1.785229206085205
-0.9378814101219177,-0.30612829327583313,-1.1060844659805298,-0.8681918382644653,0.5237604379653931
-1.056948184967041,0.8500834107398987,-0.9796106219291687,-1.0885651111602783,-0.5444542765617371
-0.8296138048171997,-0.26149702072143555,-1.043106198310852,-0.3434722125530243,0.7135069370269775
-1.4283428192138672,0.6391748189926147,-1.4403789043426514,-1.0765913724899292,-0.7066249847412109
0.13198429346084595,0.7115360498428345,0.5344635844230652,0.03675650432705879,-0.16113656759262085
0.5275165438652039,-1.3832162618637085,0.9396823644638062,-0.5060021281242371,-0.32155346870422363
-1.2630566358566284,-0.08583337813615799,-1.9230374097824097,-1.2971436977386475,-0.8838149905204773
1.8871418237686157,-1.5185787677764893,-1.0194313526153564,-0.20553886890411377,-2.765084981918335
-0.5154204368591309,0.4117180109024048,0.8085411787033081,0.13261379301548004,-0.1914176344871521
-0.13330510258674622,-0.1714852899312973,-0.1533651053905487,-0.1733999252319336,1.5349206924438477
1.092779278755188,-1.3300799131393433,1.5151925086975098,0.4478260576725006,-1.0896068811416626
-0.8143376708030701,1.0486253499984741,-1.58781898021698,-0.6167315244674683,0.23947660624980927
1.1344923973083496,-0.14077839255332947,0.805943489074707,1.636810064315796,1.1390464305877686
0.01364575233310461,1.3936489820480347,0.2620174288749695,0.06366951018571854,1.0911154747009277
-0.7457180023193359,0.025957679376006126,0.8178706765174866,0.11730527877807617,0.3350588381290436
0.36776456236839294,0.06093859300017357,0.37419337034225464,0.04922265186905861,-0.5477752685546875
-0.1631045788526535,-1.062556266784668,0.42455267906188965,0.6465794444084167,1.3844294548034668
-0.8214406967163086,1.276580572128296,-1.2587146759033203,-0.9668579697608948,-1.165542721748352
-0.23224641382694244,-0.9506496787071228,0.8812131881713867,1.0709991455078125,1.098130702972412
0.3438505232334137,-0.9059557318687439,0.17813627421855927,0.18074387311935425,-0.6163787841796875
0.40947070717811584,0.28024670481681824,0.8891857862472534,-0.28476718068122864,0.12434136867523193
0.04029352590441704,0.16507932543754578,0.17748157680034637,-0.1626794934272766,0.1435585618019104
-0.999947190284729,-0.6813405752182007,-0.47220537066459656,0.13303902745246887,1.0071754455566406
0.22483763098716736,-0.5362880825996399,0.9487954378128052,-0.12014462798833847,-0.3919667601585388
-1.1982735395431519,0.9501976370811462,-0.7066100835800171,-1.2138309478759766,-0.35552874207496643
-0.9721052050590515,1.1816908121109009,-0.3909694254398346,-0.9424628019332886,0.212703138589859
0.5520206689834595,-0.5360273718833923,0.7658851742744446,0.0718049556016922,-1.2181754112243652
0.8609187006950378,-0.18618856370449066,0.8044334650039673,1.5570894479751587,0.09708280861377716
0.6209283471107483,0.39307737350463867,0.877670407295227,0.019556799903512,-2.4221792221069336
1.0405373573303223,-0.3831925690174103,1.6827647686004639,1.0068219900131226,0.33664470911026
-1.4747354984283447,1.0480610132217407,-1.5439856052398682,-1.12735116481781,-0.21147441864013672
0.4319002330303192,-1.818994164466858,1.2172447443008423,0.19333311915397644,-0.16809579730033875
-0.9009695649147034,0.5336182117462158,-1.7170647382736206,-0.7295647263526917,-0.4172849655151367
-0.6868484616279602,0.7204933166503906,-0.9986761808395386,-0.7211718559265137,-0.26201748847961426
-0.9021192789077759,1.2387745380401611,-1.2581232786178589,-1.051871657371521,-1.1991075277328491
-0.7819847464561462,0.8137922286987305,0.1996675580739975,-0.2589060664176941,1.2333972454071045
0.19509084522724152,-1.1665880680084229,0.5650603771209717,1.2023301124572754,0.9792079329490662
-1.2293198108673096,-0.6171346306800842,-1.8960520029067993,-1.4191642999649048,-1.623303771018982
-0.25869515538215637,0.5846654176712036,0.32883408665657043,-0.1113489493727684,-0.618337869644165
-0.06554476171731949,1.1224981546401978,0.16805702447891235,0.05694405362010002,-0.2548903524875641
-0.2685050070285797,1.4791754484176636,-0.2785506248474121,-0.8591835498809814,-0.22390028834342957
0.10172705352306366,-0.18240630626678467,0.2573606073856354,0.7425374388694763,2.2414042949676514
1.948459506034851,-2.257620334625244,0.10554873943328857,2.079615831375122,0.5115957856178284
0.8862622380256653,-0.6874297857284546,1.8100305795669556,-0.1600385457277298,-0.16731218993663788
-0.032357100397348404,1.4639705419540405,1.2947689294815063,-0.04701511934399605,1.8798972368240356
-0.20566889643669128,0.40951335430145264,-1.1254931688308716,-0.920798122882843,0.687610387802124
0.8304893374443054,0.7626327872276306,1.1937123537063599,0.6417563557624817,0.9270229935646057
0.33008819818496704,0.3832454979419708,0.4414007365703583,-0.4014386832714081,0.4590003788471222
1.0452953577041626,-0.8378487229347229,0.6323997378349304,1.486343502998352,-0.004432481713593006
1.2010620832443237,-1.384826898574829,0.8662500381469727,2.082973003387451,-1.000648021697998
0.8140717148780823,-1.8415952920913696,1.150628685951233,0.8719884157180786,-0.6743848919868469
-0.027412960305809975,1.1098709106445312,-0.11140076071023941,-0.3254108428955078,0.6281676888465881
1.1912662982940674,0.9794061779975891,-0.40324509143829346,1.7056313753128052,-0.774500846862793
0.961236834526062,1.550233006477356,0.9154319763183594,1.677409052848816,2.258998394012451
0.5888634324073792,-1.1803969144821167,0.43739330768585205,0.33266526460647583,2.0156490802764893
-0.460197776556015,-1.1416008472442627,-0.34588468074798584,-0.7030321955680847,0.5364288687705994
-0.30653610825538635,0.670957624912262,0.10837874561548233,-0.7630688548088074,-0.09792505949735641
-1.0374690294265747,-0.7893130779266357,-0.3040206730365753,-0.6665289402008057,-0.9066517353057861
-0.8181695938110352,0.7567382454872131,-0.8215157389640808,-1.1348600387573242,-1.0984318256378174
-0.9396340847015381,0.4816468358039856,-1.656230092048645,-0.4146657884120941,0.30479639768600464
-0.852817177772522,0.20373688638210297,-0.23865070939064026,-0.19040939211845398,1.079193353652954
0.2926822602748871,0.12853072583675385,0.6116973757743835,0.11727170646190643,0.42875662446022034
-0.012250388972461224,0.6721358895301819,0.1661245971918106,-0.7722450494766235,0.28682926297187805
-1.1074421405792236,1.5168495178222656,-1.6408445835113525,-1.7830437421798706,-1.0363397598266602
-0.32041436433792114,0.28424346446990967,0.41747239232063293,-0.3852573037147522,-0.813961386680603
-0.36733391880989075,-2.021991729736328,-1.5943976640701294,-0.958107054233551,-1.3681068420410156
-0.6830961108207703,0.5949593782424927,-0.8887547850608826,-0.734443724155426,0.1573277711868286
-0.9775609970092773,-0.8915395736694336,-1.0931065082550049,-0.8020899295806885,-1.4613382816314697
-0.2818388342857361,0.7767881751060486,1.3261207342147827,-0.22084738314151764,-1.630953311920166
-0.9484347105026245,-0.2249022275209427,-0.6416361331939697,-0.9717257618904114,-0.8066663146018982
-0.16392411291599274,0.46016454696655273,-0.396766722202301,0.23141416907310486,0.7648336291313171
-0.45731183886528015,1.4859544038772583,-0.4494861364364624,-0.8844068050384521,-1.0623109340667725
1.7918064594268799,0.7186285853385925,-0.5567095279693604,1.5806341171264648,-0.49486270546913147
-0.414825975894928,-0.7092487215995789,-0.14153292775154114,-0.2936300039291382,0.1360209435224533
-1.1183254718780518,0.27196601033210754,-1.3439949750900269,-1.0110713243484497,-0.4682011902332306
-0.2013230174779892,0.7465235590934753,0.05473535507917404,-0.7386289834976196,0.517435610294342
0.7082744240760803,0.27826976776123047,0.577024519443512,1.1703143119812012,-0.41827380657196045
1.736562728881836,-1.9250986576080322,-0.7146565914154053,1.6835414171218872,0.45924293994903564
0.2709271311759949,-0.45118406414985657,0.29829007387161255,-0.1766003966331482,0.05271534621715546
0.7244216203689575,0.9679241180419922,1.4541256427764893,-0.0399763323366642,0.0709623470902443
-2.176171064376831,1.3129905462265015,-1.194749116897583,-1.0808773040771484,-0.3887203633785248
1.337316870689392,-0.28544801473617554,0.3136703073978424,-2.227057933807373,-1.1370527744293213
-1.7414824962615967,0.9442998170852661,-1.6672598123550415,-0.915505051612854,-0.1816224604845047
0.3889823257923126,-1.5425198078155518,-1.4297716617584229,-0.947990894317627,-1.673268437385559
0.47498202323913574,-0.9114574790000916,2.113532781600952,1.4813861846923828,-1.8704779148101807
-1.2554044723510742,0.4650920629501343,-1.8510570526123047,-0.9823119640350342,-0.03622480854392052
-0.7779362797737122,-0.3566012680530548,-0.5621583461761475,-1.5644720792770386,-1.0697553157806396
-0.8255407214164734,0.3474394977092743,-0.3264547884464264,-0.5126156806945801,-1.2793532609939575
-1.1990216970443726,0.9801256656646729,-1.5440436601638794,-1.2030097246170044,-1.1798903942108154
-2.225064516067505,0.9730991125106812,-1.317590355873108,-1.011518955230713,-0.04965818673372269
-0.4061845541000366,0.9266790151596069,0.37192302942276,-0.5554302930831909,0.5019872188568115
-0.11871854960918427,0.12495309859514236,0.42526018619537354,-0.6355202794075012,-0.41015779972076416
-0.4198239743709564,-0.24952979385852814,-0.6196402311325073,-0.4365430772304535,-0.2801712155342102
1.0306689739227295,-1.5660549402236938,-0.8916850686073303,-1.3210688829421997,-2.854733943939209
-0.21729692816734314,1.0389255285263062,1.1238017082214355,0.309601753950119,-0.24072933197021484
-0.4004267454147339,0.09517361223697662,-0.3401190936565399,-0.6864255666732788,0.3875795900821686
-0.10563759505748749,0.5072051286697388,0.682532012462616,0.08893751353025436,0.016874348744750023
-0.8945959210395813,0.41473788022994995,-0.5529239177703857,-1.2070494890213013,-0.11828035861253738
-2.161013126373291,1.3550474643707275,-1.5142651796340942,-1.2780640125274658,-0.004152619745582342
1.9169495105743408,0.9116160273551941,-0.26900461316108704,1.7185003757476807,1.5129607915878296
0.3389485478401184,-1.344017505645752,0.27584537863731384,0.07764636725187302,1.1974443197250366
0.8376977443695068,-1.0475857257843018,1.6567139625549316,0.24216818809509277,0.2767915427684784
0.4560191333293915,0.08657278120517731,0.7530075907707214,0.4935837686061859,0.7384146451950073
-0.9609349370002747,0.6538351774215698,-1.3698557615280151,-1.4603339433670044,-0.42930036783218384
0.7203789353370667,-0.6166032552719116,0.5458416938781738,0.3764086961746216,1.4770451784133911
-0.8722612261772156,0.73118656873703,0.3896791934967041,-0.39063990116119385,-0.955478310585022
-0.9782459139823914,0.3336075246334076,-0.5334939956665039,-0.8419166803359985,-1.523728847503662
0.09777923673391342,-0.23418954014778137,0.9511924386024475,-0.14340955018997192,-0.7144238352775574
0.2065245360136032,-0.42092931270599365,0.166436105966568,-0.2926676273345947,0.7391049861907959
-1.9957878589630127,0.31128033995628357,-1.4489269256591797,-1.2142225503921509,-0.1590655893087387
0.18719051778316498,0.09124944359064102,0.013050849549472332,-0.5041669011116028,0.7522957921028137
0.19254910945892334,-0.530469536781311,0.06260763108730316,-0.09029973298311234,0.16523854434490204
-0.9191129207611084,0.9856703281402588,-1.2585034370422363,-1.0695302486419678,-0.08525663614273071
0.1585266888141632,-1.1847798824310303,1.1912572383880615,-0.24914799630641937,0.72550368309021
-1.7561451196670532,1.509730577468872,-1.3419463634490967,-1.3658865690231323,0.04342392459511757
-1.5589836835861206,1.2452003955841064,-1.0172032117843628,-1.4602108001708984,-0.2052614837884903
-0.4831482768058777,-0.9769307374954224,0.006910370662808418,-0.4393630623817444,0.23908481001853943
-0.22033974528312683,0.854387104511261,-0.2443687915802002,0.04102005809545517,1.3921723365783691
-1.9160985946655273,0.2685863971710205,-0.9831428527832031,-1.0580040216445923,-0.3735331892967224
-0.5739399194717407,1.1247953176498413,-0.40587446093559265,-0.5689035654067993,-0.8225998282432556
-0.7349094748497009,-0.5687606930732727,-0.1916704922914505,-1.1803715229034424,-0.1452963799238205
0.017098337411880493,-0.2188492864370346,-0.09849677979946136,-0.4553094506263733,-0.5300506949424744
1.6411126852035522,1.3656681776046753,0.8784729242324829,2.034193754196167,2.2405648231506348
-0.028161080554127693,0.1076425164937973,-0.33520880341529846,-0.24210922420024872,-1.130392074584961
1.7256454229354858,0.2594013810157776,0.6175580024719238,1.9774470329284668,2.0719573497772217
-0.7372990250587463,1.418837547302246,-0.8846681714057922,-1.1619744300842285,-0.6190468072891235
1.2144135236740112,-0.6778157353401184,0.1001632809638977,2.0600435733795166,1.236625075340271
-0.624936044216156,1.2207576036453247,-0.7847784757614136,-0.42619192600250244,-1.206514596939087
0.7787673473358154,-0.7566193342208862,1.5557260513305664,-0.5956711173057556,-1.1106711626052856
0.8913620710372925,-1.7076750993728638,-1.5540436506271362,-0.14788572490215302,1.6834527254104614
1.2485705614089966,-1.7383687496185303,-1.4250197410583496,1.7835726737976074,0.15036854147911072
-1.2921606302261353,1.0935933589935303,-1.3880343437194824,-1.2798992395401,-1.631867527961731
1.5921595096588135,0.33278241753578186,1.230750560760498,2.025655508041382,-1.2211047410964966
0.034938447177410126,0.8799718022346497,0.6991794109344482,0.3663037121295929,0.6357985734939575
-0.740845263004303,1.212876319885254,0.17571282386779785,0.1906474083662033,-0.09921242296695709
0.8799354434013367,-1.182984471321106,1.0817370414733887,0.460202693939209,-0.7739598155021667
-2.5005970001220703,1.0097169876098633,-1.7627989053726196,-1.6153998374938965,-0.3204900026321411
-0.6472227573394775,-0.7575302720069885,-0.6846933960914612,-1.0141152143478394,0.8839429020881653
1.0774515867233276,-1.7037838697433472,1.695937991142273,2.157120704650879,1.532607078552246
-0.32618972659111023,-0.9209989309310913,0.2632845938205719,-0.4504639804363251,-0.40776965022087097
-0.049259427934885025,0.6216298937797546,0.8745235800743103,-0.04858177900314331,0.027938226237893105
0.7073588967323303,0.4531446099281311,1.208876132965088,1.076046109199524,0.8364969491958618
-0.8556668162345886,1.057470440864563,0.7752305269241333,-0.07161170244216919,-0.7024643421173096
-0.28409841656684875,1.405074954032898,1.0958870649337769,0.42252448201179504,0.04099845513701439
-0.6147340536117554,-0.7689000964164734,0.4306139647960663,-0.4743443727493286,-0.908480167388916
0.42438507080078125,0.19584234058856964,0.8664823770523071,-0.43887069821357727,-0.19279828667640686
0.6270573139190674,-0.3331783711910248,1.1804863214492798,1.2915962934494019,-1.4390239715576172
-0.9848185777664185,-1.1683108806610107,-0.14535027742385864,-0.16862161457538605,-0.46840640902519226
-1.8251956701278687,1.2913696765899658,-0.713679850101471,-1.069977879524231,-0.26080477237701416
0.0644616186618805,1.3835266828536987,0.714675784111023,0.2559995651245117,-1.3287209272384644
1.1490497589111328,-1.5347243547439575,1.3207405805587769,0.5043825507164001,-1.4879997968673706
-1.381574273109436,0.41921982169151306,-0.33949604630470276,-0.8625518679618835,0.3858257830142975
-1.5199925899505615,-0.2724873423576355,-1.43622887134552,-0.8437743186950684,-0.2023695707321167
0.7614903450012207,-0.11246758699417114,0.6186034083366394,0.8974578976631165,-0.26386457681655884
0.9686840772628784,-0.46322721242904663,0.7158848643302917,1.8380030393600464,1.1099034547805786
1.6581332683563232,-1.798888087272644,0.49291104078292847,-0.11769392341375351,-1.0901106595993042
-0.7463724613189697,0.5275817513465881,-1.0148589611053467,-1.049420952796936,-1.1489002704620361
-0.6484485268592834,0.7472594976425171,-0.7942505478858948,-0.40476223826408386,1.1421809196472168
0.12345410138368607,1.035928726196289,0.5424995422363281,-0.4304219186306,-0.14777781069278717
1.8439195156097412,0.8730343580245972,-0.6550152897834778,1.4534436464309692,-1.2577106952667236
0.20222783088684082,-0.1371314525604248,1.1710247993469238,-0.2553810775279999,0.3685116767883301
-0.4759644865989685,-1.100827693939209,-0.26145970821380615,-0.5617305040359497,-0.8463507890701294
-0.8306452631950378,0.9394713640213013,-0.9048794507980347,-0.9110959768295288,0.19932574033737183
-2.386882781982422,0.8771334290504456,-1.1403876543045044,-1.2672988176345825,-1.0676096677780151
0.3076060116291046,-0.48619797825813293,-1.4286470413208008,-1.172471046447754,-1.7905492782592773
0.6931024789810181,-0.20263774693012238,0.9080824255943298,0.11863693594932556,-0.1545504778623581
-0.525438666343689,0.5897084474563599,0.7083029747009277,-0.13757933676242828,-1.4361506700515747
0.521636962890625,-1.2254705429077148,1.0951690673828125,0.9234756231307983,0.23611827194690704
-0.886121928691864,-0.17447544634342194,-0.9896634817123413,-1.0733685493469238,-0.15436390042304993
-0.03560597077012062,-0.1702047437429428,0.020532412454485893,0.18018434941768646,0.16049954295158386
2.2319555282592773,0.29126670956611633,1.3111628293991089,2.1752381324768066,0.06488001346588135
0.8771221041679382,0.4050743281841278,1.6180918216705322,0.0023459051735699177,0.5625866651535034
-1.233917474746704,0.8404396176338196,-1.81979501247406,-0.8399919271469116,-0.3100977838039398
-1.9113311767578125,-0.35116222500801086,-1.6256544589996338,-0.9177878499031067,-0.8815014362335205
0.08908513933420181,-0.0573311485350132,0.42550307512283325,-0.05363985896110535,0.6151820421218872
1.0888957977294922,-1.0988969802856445,1.2774192094802856,1.2251250743865967,1.3907170295715332
-0.48103153705596924,0.6008175611495972,0.09330474585294724,-0.44090735912323,1.0485950708389282
-0.9021485447883606,1.1240593194961548,-1.4309806823730469,-1.030553936958313,-1.84321928024292
0.4144124984741211,1.1931729316711426,0.5434340238571167,-0.007087634410709143,-0.18233144283294678
1.2234915494918823,0.9565244913101196,0.7081129550933838,1.9791144132614136,0.8862564563751221
2.0214133262634277,-1.2729928493499756,0.1794087290763855,2.0636582374572754,-1.9706498384475708
0.7049915790557861,-0.6127088069915771,1.0312457084655762,0.26453787088394165,0.6507804989814758
0.33983129262924194,-0.3117554783821106,0.1678035855293274,0.22191348671913147,0.4013861119747162
-0.4351867437362671,0.4442005455493927,-0.2860744297504425,-0.7870835661888123,-0.3506218194961548
-2.0361568927764893,0.7659496665000916,-1.7512465715408325,-1.4008567333221436,0.01972893998026848
-0.805467963218689,1.031895637512207,-1.3896446228027344,-0.5666207075119019,-0.14079992473125458
0.13072103261947632,-1.9370824098587036,1.173923373222351,0.1043691337108612,0.214979350566864
0.8123190999031067,-0.9857989549636841,0.6927010416984558,1.097554087638855,1.175130009651184
-1.2345367670059204,-0.10971835255622864,-1.6955229043960571,-1.0136898756027222,-0.07454725354909897
-0.9343059062957764,1.4380227327346802,-1.8932695388793945,0.1279361993074417,-2.3399744033813477
0.08793076127767563,0.6711523532867432,0.3038497865200043,-0.422118604183197,0.12437868118286133
-1.6669458150863647,-0.8052077889442444,-1.5381355285644531,-0.6139786839485168,0.6241562962532043
0.821045994758606,1.285349726676941,-1.5605696439743042,1.58055579662323,-0.012063386850059032
0.07442950457334518,-0.20763784646987915,-0.2541101276874542,0.12471334636211395,2.212541341781616
2.2538862228393555,-1.249279499053955,0.23883356153964996,1.8644907474517822,0.9512590765953064
0.8089016079902649,-2.2622077465057373,0.48443159461021423,1.060054898262024,0.4751950800418854
1.0173269510269165,1.4108275175094604,0.9887586832046509,1.951171875,1.3445584774017334
1.5270684957504272,0.002485254080966115,0.7842854857444763,1.9377881288528442,2.1900217533111572
0.9321573972702026,-0.6969349384307861,1.681719422340393,-0.10290016978979111,-1.3386094570159912
-0.8833683133125305,-0.7761576771736145,-0.16782663762569427,-1.5277451276779175,-1.372622013092041
-0.4025996923446655,0.5701503157615662,-0.4836151599884033,-0.4735162854194641,-0.1314152181148529
-0.37731117010116577,-0.08609411120414734,0.7749665379524231,0.26526525616645813,-0.07628239691257477
2.007941246032715,1.339839220046997,-1.6927984952926636,1.7790964841842651,1.498893141746521
-1.1613394021987915,0.4425998330116272,-1.7736648321151733,-0.2693803012371063,0.9072087407112122
0.8392466902732849,-1.850998044013977,0.8490852117538452,0.8276854753494263,2.248699426651001
-1.2268952131271362,0.41628578305244446,-1.318926215171814,-1.1312566995620728,0.23262931406497955
0.5488315224647522,0.11690343171358109,0.583075225353241,0.19754071533679962,0.8100593090057373
0.02236209437251091,-0.4239822030067444,0.6179698705673218,0.023182502016425133,-0.610576331615448
1.6516284942626953,-1.9542807340621948,-0.06357578188180923,2.0504422187805176,-0.19475732743740082
-0.4294792711734772,-0.14786434173583984,-0.43716293573379517,-0.6218567490577698,-2.432814121246338
0.45921415090560913,0.13940224051475525,1.0094293355941772,0.4522351026535034,-0.9952746629714966
0.2836533188819885,-0.9939343929290771,1.3193097114562988,0.8299907445907593,1.0857421159744263
-0.8241182565689087,0.1995948851108551,-0.752851128578186,-0.7836928367614746,0.7683785557746887
1.1425671577453613,1.0618336200714111,1.257155179977417,0.8093891143798828,-1.530165672302246
-1.122722864151001,1.3017163276672363,-0.8275136351585388,-1.0430201292037964,-0.40034398436546326
-1.070841670036316,0.22985953092575073,-1.906363606452942,-1.2904406785964966,-0.3856792151927948
1.5670219659805298,-1.2621709108352661,-1.759192705154419,1.1884204149246216,1.5544177293777466
-1.5605982542037964,1.0144696235656738,-1.0574463605880737,0.33021456003189087,1.2237141132354736
0.8932376503944397,1.4685052633285522,1.0806019306182861,1.174309253692627,0.17143282294273376
-0.6115448474884033,0.8477830290794373,-1.1750288009643555,-0.6667191982269287,-0.39282500743865967
-1.4313130378723145,0.7497711181640625,-0.9263051152229309,-1.1020160913467407,-0.32026612758636475
1.8921936750411987,-1.4693269729614258,0.8157745599746704,2.029784679412842,-0.07074112445116043
0.05462953448295593,0.1808585226535797,0.03367398679256439,-0.49546074867248535,-0.1447179913520813
0.35726866126060486,-1.147567868232727,0.7621998190879822,0.3113698661327362,-0.0380718968808651
-1.9772241115570068,0.4695112705230713,-1.5611239671707153,-1.3958545923233032,-0.210410937666893
1.7898969650268555,-1.8837016820907593,0.6531654000282288,2.1814262866973877,-0.12134018540382385
-0.08358155936002731,0.7423485517501831,-0.0832749456167221,-0.356889545917511,0.4832364320755005
0.044037628918886185,-0.29295310378074646,-0.20925243198871613,-0.20057031512260437,-0.9942298531532288
1.4116849899291992,-1.6607202291488647,1.3994948863983154,0.6462548971176147,1.037381887435913
1.7974578142166138,0.6185275316238403,-0.655432403087616,2.036118507385254,0.8914805054664612
0.6976625919342041,0.8812160491943359,0.559780478477478,0.6880735754966736,0.8693154454231262
0.5116398334503174,-0.21738721430301666,1.5139939785003662,0.42550113797187805,2.455648183822632
1.8651349544525146,1.4461747407913208,0.005622084252536297,2.1763906478881836,0.09818359464406967
-0.4100516140460968,-0.6797993183135986,-0.9924512505531311,-0.3093637526035309,-0.3581780791282654
0.8093043565750122,1.012271523475647,0.8363502025604248,1.3628681898117065,0.6305558085441589
-0.4780706763267517,-0.2230903059244156,-0.620284378528595,-0.3533085882663727,-1.1955066919326782
0.3875984847545624,-1.262510895729065,1.6243062019348145,0.6621789336204529,2.1739389896392822
0.8758822679519653,-1.424662709236145,1.366221308708191,1.2400307655334473,1.0034253597259521
1.1729345321655273,-0.34523800015449524,0.45325401425361633,1.6402679681777954,1.960740089416504
-1.4082677364349365,0.9310784339904785,-1.6259185075759888,-1.3070248365402222,0.04801366478204727
-0.17053423821926117,0.711139976978302,1.5465127229690552,0.20090904831886292,0.41651734709739685
0.6338278651237488,1.0817019939422607,1.139641284942627,0.9951503872871399,1.114605188369751
0.6695665717124939,-1.836162805557251,1.827691674232483,1.3108662366867065,0.8069995045661926
-0.9291077256202698,0.32952162623405457,-1.0363796949386597,-0.9492554068565369,-0.9842294454574585
0.24379347264766693,-0.7229387760162354,0.35370752215385437,0.27540379762649536,-0.36233872175216675
-1.1904761791229248,0.4885611832141876,-1.3950512409210205,-1.3819783926010132,-0.1753349006175995
0.3963780403137207,-0.8699516654014587,0.7837416529655457,-0.043087273836135864,0.13398727774620056
1.0153214931488037,-1.1023458242416382,1.405777931213379,1.0407849550247192,-0.31856828927993774
-0.8450913429260254,0.4037046730518341,-1.2508212327957153,-1.0883301496505737,0.4115357995033264
0.7046204805374146,1.5547446012496948,0.9873647689819336,0.3055172562599182,-1.2484939098358154
-0.22272692620754242,0.34672001004219055,-0.3861753046512604,-0.040144190192222595,0.37384769320487976
-0.3364655375480652,0.7481275200843811,-0.4406951665878296,-0.6770927309989929,-0.41885218024253845
0.3337281048297882,-0.1881985068321228,-0.21995998919010162,0.6581279635429382,1.5414694547653198
0.46839645504951477,1.3806750774383545,0.783002495765686,0.19030050933361053,0.48280730843544006
-0.7549143433570862,1.0165356397628784,-0.31952762603759766,-0.7742928862571716,0.4599892497062683
0.02871232107281685,0.13166940212249756,0.18789874017238617,-0.16304877400398254,-0.15647219121456146
-1.0907809734344482,0.8198649883270264,-1.7965847253799438,-1.565434455871582,-0.18805928528308868
-0.8443010449409485,-0.8185051083564758,0.4769500195980072,0.02542058937251568,0.3748365342617035
-0.9820696115493774,0.7591244578361511,-0.7757710218429565,-0.4533623158931732,-0.8427498936653137
1.112122654914856,0.8425089716911316,0.8245444297790527,1.0576825141906738,-0.6221812963485718
0.4673404395580292,1.4101179838180542,0.668793797492981,0.5538554787635803,1.6574815511703491
0.6215465068817139,-0.3948891758918762,0.6808582544326782,0.005848512519150972,-0.4467824101448059
0.3363962769508362,0.9574684500694275,0.8608698844909668,0.2333725094795227,0.29789313673973083
-1.6271034479141235,0.6682744026184082,-1.2813230752944946,-0.8658642172813416,-0.2115863561630249
0.7904281616210938,1.0295722484588623,1.5655940771102905,-0.12421794980764389,0.9068915843963623
-0.26623839139938354,0.39156579971313477,-0.6549466848373413,0.08989989012479782,0.8256382942199707
0.90720134973526,0.32990777492523193,1.1600849628448486,0.524570107460022,1.128561019897461
-1.0135468244552612,1.1517693996429443,-1.0417546033859253,-1.206154227256775,-0.11262714117765427
0.07817478477954865,0.5725859999656677,0.5200812220573425,-0.3509138524532318,0.5283501744270325
1.0116441249847412,-2.135578155517578,1.391538143157959,0.9020235538482666,1.136210560798645
0.6365732550621033,1.286415696144104,1.2819494009017944,1.1343146562576294,2.207167863845825
0.5810790657997131,1.0287537574768066,1.1480520963668823,0.44587892293930054,-0.05023656785488129
-1.034889817237854,1.265507698059082,-0.9082427024841309,-0.7986768484115601,0.05840587243437767
1.9205683469772339,-1.4291709661483765,-0.5017039775848389,1.992251992225647,-1.9267115592956543
-0.721766471862793,1.1062272787094116,-0.6994611620903015,-1.3001091480255127,-1.2880103588104248
-0.9545823931694031,0.6209434270858765,-0.7310981154441833,-1.0755842924118042,-1.6691265106201172
0.7556821703910828,-0.20890849828720093,1.0475393533706665,-0.12738484144210815,0.6915844082832336
-0.29422083497047424,0.6246959567070007,-0.6222854256629944,-0.2409118413925171,-1.4994181394577026
-0.511133074760437,-0.7338796257972717,-0.44163498282432556,-0.5537069439888,0.47123968601226807
0.16030040383338928,-0.45137879252433777,0.06301417946815491,0.11455243080854416,-0.0679984763264656
-0.20282159745693207,1.1025373935699463,0.08964052051305771,-0.9855795502662659,0.410379022359848
0.22504720091819763,0.05774380639195442,0.23719152808189392,-0.3324272334575653,0.03722964599728584
-0.07869713008403778,-0.08019299805164337,-0.29816529154777527,0.27999186515808105,1.8603816032409668
0.7820501327514648,-2.0288960933685303,1.6643381118774414,1.9758691787719727,2.314112424850464
0.6068089604377747,0.5601599812507629,0.7334298491477966,0.6044698357582092,-0.5692687034606934
-0.32857927680015564,0.34615233540534973,-0.32742100954055786,-0.4329397678375244,0.017620647326111794
-1.529301404953003,0.9905053973197937,-1.3282029628753662,-1.29630446434021,-0.5642498135566711
-0.602016031742096,-0.486151784658432,-0.3179542124271393,-0.9854564666748047,-0.8456231355667114
0.3991117775440216,-0.14672571420669556,1.3658041954040527,0.19425073266029358,0.2191026508808136
0.9644342064857483,-1.1689544916152954,0.1549682468175888,0.38007915019989014,0.019467735663056374
-0.24146267771720886,-0.07667477428913116,-0.1797802448272705,-0.18513870239257812,-1.1472210884094238
0.7049330472946167,-1.7916239500045776,0.520302951335907,1.4695018529891968,1.3159565925598145
0.2699050307273865,1.3082940578460693,0.04453994333744049,0.21216662228107452,-1.7646527290344238
-0.7101185321807861,1.2685935497283936,-0.3821573257446289,-1.0349293947219849,-0.15962530672550201
0.23384782671928406,-2.1200332641601562,2.057603359222412,0.8076657652854919,0.01780722104012966
-0.7620958089828491,0.3069435954093933,-1.234886646270752,-0.8948026895523071,0.04907713830471039
0.5830283761024475,-1.3328819274902344,1.1164098978042603,0.042396482080221176,-0.5375509858131409
0.5701417326927185,-0.26530569791793823,1.466570258140564,0.258495032787323,0.31854695081710815
0.7025821805000305,-1.496350646018982,1.029873013496399,0.703203022480011,2.112276077270508
1.7625689506530762,-0.5573941469192505,-0.44802889227867126,2.116644859313965,0.5652173757553101
-1.3969335556030273,0.49513885378837585,-1.8084644079208374,-1.3852684497833252,-0.7067369222640991
0.35381022095680237,1.5208462476730347,0.8073267936706543,0.3333366811275482,-0.11846692860126495
1.960343837738037,-1.028806447982788,-0.6759763360023499,2.07808256149292,-2.112689256668091
-0.859941303730011,1.172353982925415,-1.2586671113967896,-0.5469591617584229,-0.8499330282211304
-0.6376646161079407,0.8027325868606567,-0.6996089816093445,-0.9582860469818115,-0.22977739572525024
-0.21259629726409912,-0.15115153789520264,-0.41739514470100403,-0.19012963771820068,-0.6080575585365295
-1.7177534103393555,0.612154483795166,-1.724456548690796,-1.1186002492904663,1.3065532445907593
0.4593265652656555,0.3355349600315094,0.4832172393798828,0.2183549404144287,0.1660221517086029
0.30030161142349243,-0.23125548660755157,0.8711444735527039,-0.3514733612537384,-0.6666979789733887
-0.7503671050071716,0.11517731845378876,-1.4552944898605347,-0.34850791096687317,0.7511577010154724
0.3387143909931183,-0.26908135414123535,-1.298582911491394,-1.0349069833755493,-0.9511124491691589
-2.2962095737457275,0.19761794805526733,-1.8505923748016357,-1.453440546989441,-1.0499597787857056
2.0375161170959473,-0.16320788860321045,-0.12752017378807068,2.0873260498046875,-0.43663275241851807
-1.1148974895477295,0.9923239350318909,-1.0258727073669434,-0.6560099720954895,0.10499357432126999
0.7049084901809692,-0.8982855677604675,0.753799557685852,0.4005688428878784,-0.5660969018936157
0.12201172113418579,-1.9246366024017334,0.45086753368377686,0.8580339550971985,-0.9164841771125793
-0.25925830006599426,0.11491329222917557,0.22431394457817078,-0.17920777201652527,-0.9784083366394043
-1.8228366374969482,0.048921845853328705,-1.7536436319351196,-1.7180496454238892,0.3028373718261719
0.11714368313550949,0.44183745980262756,-0.8569541573524475,-0.467406302690506,-0.5944189429283142
-0.7938715219497681,-1.746514081954956,-0.6195979714393616,-0.944745659828186,-1.9147521257400513
2.428593397140503,-2.2795183658599854,1.0019794702529907,1.33473539352417,-0.18190233409404755
-0.044755496084690094,0.5682030916213989,0.5288668870925903,-0.8248177170753479,0.2760825753211975
-2.2247402667999268,1.102827787399292,-1.7630364894866943,-1.4219619035720825,-0.5225317478179932
0.7745806574821472,-2.17988920211792,1.4206408262252808,1.0355254411697388,-0.8178421854972839
0.6472553610801697,0.35927802324295044,0.6412804126739502,0.9911777973175049,0.05833124369382858
-0.8397210240364075,0.014350182376801968,-1.0938509702682495,-1.2286694049835205,-0.8225625157356262
1.001686692237854,0.9740232229232788,1.9549046754837036,0.5660418272018433,-2.0142524242401123
-0.6573943495750427,-0.7926761507987976,-1.2352615594863892,-0.7026852965354919,-0.39866480231285095
0.5166378021240234,0.4601249396800995,1.478175401687622,-0.3614552319049835,0.875211238861084
-1.5480663776397705,-0.1521020531654358,-1.3089102506637573,-1.4462339878082275,-0.1567893773317337
0.9107136726379395,0.4088466763496399,1.3805296421051025,1.7199326753616333,-0.1470315158367157
-0.2873145043849945,0.7722138166427612,0.894655704498291,0.12066240608692169,0.6963233947753906
-0.1378687471151352,-0.21240031719207764,1.0986062288284302,0.09833748638629913,0.26675382256507874
0.6846284866333008,-1.2534512281417847,1.6525639295578003,0.7652764320373535,-0.6527235507965088
0.6502150297164917,-1.6832422018051147,0.5467709302902222,-0.30762922763824463,1.4175838232040405
-0.3220405578613281,0.27853378653526306,0.24002152681350708,0.0071577937342226505,-0.008350550197064877
0.7144173979759216,-1.1923213005065918,0.8110332489013672,0.1610598862171173,0.2658396065235138
0.20809218287467957,0.027192028239369392,0.8422583937644958,0.5061394572257996,1.4898629188537598
-1.43034827709198,1.0832070112228394,-1.4929187297821045,-0.22067952156066895,1.4590034484863281
0.5296098589897156,0.1632971167564392,0.5384445786476135,1.9212934970855713,0.6307050585746765
-0.5505468845367432,0.7976070642471313,-0.7389122843742371,-1.0195648670196533,-0.4671004116535187
-1.46062433719635,0.24080035090446472,-1.3140053749084473,-1.478909969329834,0.3216440975666046
-0.6691020131111145,0.9791553616523743,-0.5697085857391357,-0.5791875720024109,-0.5279797315597534
0.75821453332901,-1.6682616472244263,0.8989270925521851,0.7186123132705688,0.820880651473999
-0.6842470169067383,-0.01023117732256651,-0.17058272659778595,-0.9109169244766235,-0.5910046696662903
0.6705617308616638,1.2523325681686401,1.1762676239013672,1.8991923332214355,2.3232173919677734
1.1597938537597656,0.6741623282432556,1.8114508390426636,0.5720175504684448,-0.8797289729118347
-0.20928655564785004,0.7621080279350281,0.6098705530166626,-0.5346049070358276,0.21180757880210876
-0.7825350165367126,0.9296889901161194,-0.12155921757221222,-0.5839323401451111,0.07766038179397583
0.8908083438873291,-1.5098788738250732,1.444083333015442,0.7859563231468201,-0.6000535488128662
0.32587930560112,0.8779816627502441,1.1581207513809204,0.3986440896987915,1.7826359272003174
-2.1723976135253906,1.1521720886230469,-1.2384663820266724,-1.0506407022476196,-0.9019313454627991
0.20097042620182037,0.000244284252403304,0.535672664642334,-0.15157857537269592,-0.45389091968536377
-0.8319225311279297,1.2958251237869263,-0.4818463921546936,-0.7462272644042969,-0.7589032053947449
-0.9156380891799927,1.2480453252792358,-0.9009723663330078,-1.3441436290740967,-1.3135151863098145
2.154977560043335,-0.5241624712944031,-0.20268957316875458,0.05334073305130005,-2.091251850128174
2.0195670127868652,-1.7968121767044067,0.49419406056404114,1.771733283996582,0.7163988351821899
-0.3706401586532593,-0.5331527590751648,-0.282304584980011,-0.5233137607574463,-0.1107054278254509
1.9334642887115479,-1.7674881219863892,-0.8788972496986389,1.425937533378601,-0.5956317186355591
0.5123282074928284,-1.6981369256973267,0.11832072585821152,0.6264030933380127,1.5713586807250977
0.1593356877565384,-0.5782922506332397,0.22398659586906433,0.40694740414619446,-1.2047234773635864
-0.5298863649368286,-0.9505407810211182,-0.9365110993385315,0.10339555889368057,1.6701500415802002
0.8347650170326233,-1.3175086975097656,1.1478831768035889,0.7944275140762329,1.0043954849243164
0.34913769364356995,-0.5940252542495728,0.6250501275062561,-0.03365373611450195,-1.314056158065796
0.5054921507835388,-0.5484665632247925,0.981747031211853,-0.4355919063091278,0.5601425170898438
0.3189542293548584,0.541714072227478,0.6089888215065002,-0.3977905809879303,0.23761086165905
0.40468111634254456,-2.1451592445373535,0.5375153422355652,0.619644045829773,-1.5640475749969482
-1.0884358882904053,0.7518404722213745,-1.0225728750228882,-1.0910158157348633,-0.6873331665992737
0.6366821527481079,1.1028443574905396,1.560029149055481,0.6809452772140503,0.83052659034729
1.4778928756713867,-2.259620189666748,-0.843548595905304,1.7298698425292969,-0.11191815882921219
-1.9928175210952759,1.2678741216659546,-1.9274777173995972,-1.6593334674835205,-0.6754297018051147
0.14216993749141693,0.32881203293800354,-0.11562993377447128,0.21271495521068573,-0.7477273941040039
0.5227901935577393,0.10973166674375534,1.0579618215560913,1.4112555980682373,1.1479461193084717
1.2494884729385376,-1.0708765983581543,0.39177531003952026,2.2116518020629883,0.7419036030769348
0.7764585614204407,-1.5417442321777344,1.3146106004714966,1.7902982234954834,1.7992783784866333
0.35101211071014404,0.7881844639778137,-1.4745184183120728,-0.9745234251022339,-0.9432390332221985
1.0512089729309082,0.19505023956298828,1.749100923538208,1.1103894710540771,2.1546099185943604
-1.6504344940185547,0.674182116985321,-0.760374903678894,-0.9544141888618469,-0.552962064743042
-1.3440828323364258,0.8101155757904053,-1.8194411993026733,-1.3647116422653198,0.20559464395046234
-0.2015829235315323,1.050262451171875,0.0682465210556984,-0.6186562776565552,-0.4502713680267334
-0.7391640543937683,0.8370006084442139,-0.3520357310771942,-0.6296900510787964,-0.464077889919281
0.4644263982772827,1.1750174760818481,1.1482210159301758,-0.5677509903907776,0.9008466005325317
1.018363118171692,-2.072418451309204,-0.8363257646560669,-1.010724425315857,-1.496041178703308
-0.24546435475349426,-0.5117628574371338,-0.27097928524017334,-0.06876932829618454,-1.833927869796753
-0.4253441393375397,0.0940844789147377,-0.22520817816257477,-0.6651189923286438,-0.5892695188522339
0.8819233775138855,-1.9434586763381958,1.4119818210601807,0.42065566778182983,0.34918251633644104
0.2945578396320343,0.5415754318237305,1.0903167724609375,0.209257110953331,0.3331930637359619
0.3266262412071228,-0.28340837359428406,1.6054675579071045,1.7057543992996216,2.429882049560547
-1.2090106010437012,1.146891474723816,-1.4952101707458496,-0.13755695521831512,1.5804262161254883
-1.3075281381607056,0.7070837616920471,-1.8039131164550781,-1.1301823854446411,-0.29214930534362793
-1.3217434883117676,1.4526336193084717,-0.7600739598274231,-0.7699174284934998,-1.1202423572540283
-0.9373183250427246,0.21795499324798584,-1.6216576099395752,-0.8030075430870056,-0.5597720742225647
0.012665822170674801,-0.06660856306552887,0.2648157477378845,-0.8289581537246704,0.29259443283081055
2.281738758087158,0.22120589017868042,-0.21690823137760162,0.2635754942893982,2.036470651626587
1.0428777933120728,1.189598560333252,0.8374959230422974,0.8702651262283325,-0.7207859754562378
-0.2954489588737488,0.6117517948150635,-0.6913301944732666,0.6221842765808105,1.608785629272461
-1.2586534023284912,0.3671659529209137,-1.1913224458694458,-1.2187435626983643,-0.6305398344993591
0.375671923160553,-1.256038784980774,0.7609009742736816,0.8631144165992737,0.6178873777389526
-1.1134984493255615,0.9260486364364624,-1.7944674491882324,-1.0500364303588867,-1.275118112564087
1.2202978134155273,0.35781922936439514,1.181104063987732,1.0950586795806885,0.7380974888801575
0.9101914763450623,-0.06670427322387695,1.0829672813415527,0.7943267822265625,-0.5418235659599304
0.505548357963562,0.7646328210830688,0.7843858003616333,0.19243787229061127,0.5229395627975464
0.12241212278604507,0.3069865107536316,0.6780705451965332,-0.26946982741355896,0.28972116112709045
-0.3769751489162445,1.347822904586792,-0.38174551725387573,-0.9383670687675476,-0.7718514800071716
-0.10928335785865784,0.48424094915390015,-0.19018158316612244,-0.22668878734111786,-0.08404390513896942
